Front (English),Back (Hebrew),Transliteration,Other forms,Mnemonic,Example (Hebrew),Example (translit),Example (English),Category,Day
To be,—,— (no present tense),inf. Li-hiot לִהְיוֹת,"Hebrew simply DROPS 'am/is/are'. ""I am tired"" = Ani ayef — literally ""I tired."" Think of li-HIOT as a verb that takes a HIatus in the present.",אֲנִי רוֹצָה לִהְיוֹת רוֹפְאָה.,Ani rotza lihiot rofa.,I want to be a doctor.,Verbs · The engine room,1
To be able to / can,יָכוֹל / יְכוֹלָה,Yachol / Yechola,inf. Li-hiot mesugal לִהְיוֹת מְסֻגָּל,"ya-CHOL = ""Ya, cool!"" — Yes, I can, no problem.",אֲנִי לֹא יְכוֹלָה לָבוֹא מָחָר.,Ani lo yechola lavo machar.,I can't come tomorrow.,Verbs · The engine room,1
To want,רוֹצֶה / רוֹצָה,Rotze / Rotza,inf. Lir-tzot לִרְצוֹת,"roh-TSEH — a waiter leans in: ""Rotze?"" Just ROT-SAY what you want.",מָה אַתְּ רוֹצָה לִשְׁתּוֹת?,Ma at rotza lishtot?,What do you want to drink?,Verbs · The engine room,1
To need,צָרִיךְ / צְרִיכָה,Tzarich / Tzricha,inf. Litz-roch לִצְרוֹךְ,"tsa-REECH — you need to be RICH to afford it. (Tzarich also means ""must"".)",אֲנִי צָרִיךְ מַפְתֵּחַ חָדָשׁ.,Ani tzarich mafteach chadash.,I need a new key.,Verbs · The engine room,1
To do / to make,עוֹשֶׂה / עוֹשָׂה,Ose / Osa,inf. La-a-sot לַעֲשׂוֹת,"OH-seh — ""Oh, say…"" Ma ata ose? (""What are you doing?"") is the most-used question in Israel.",מָה אַתָּה עוֹשֶׂה עַכְשָׁיו?,Ma ata ose achshav?,What are you doing now?,Verbs · The engine room,1
Bear,דֹּב / דֻּבָּה,Dov / Dova,pl. Dubim / Dubot דֻּבִּים / דֻּבּוֹת,DOV — a bear is big enough to eat a DOVE in one bite. (Handy: the two are almost the same sound — dov / yona.),הַדֹּב גָּדוֹל וְחָזָק.,Ha-dov gadol ve-chazak.,The bear is big and strong.,Nouns · Animals,2
Bull,פַּר,Par,pl. Parim פָּרִים,PAR — a bull runs at PAR speed. Note pair: par (bull) / para (cow) — just add the -a for female.,הַפַּר רָץ בַּשָּׂדֶה.,Ha-par ratz ba-sadeh.,The bull runs in the field.,Nouns · Animals,2
Cow,פָּרָה,Para,pl. Parot פָּרוֹת,"pa-RA — the cow says ""pa-RAAA"" instead of moo. The Red Heifer of the Torah is the Para Aduma.",הַפָּרָה נוֹתֶנֶת חָלָב.,Ha-para notenet chalav.,The cow gives milk.,Nouns · Animals,2
Donkey,חֲמוֹר,Chamor,pl. Chamorim חֲמוֹרִים,cha-MOR — the donkey wants CHA-MORE hay. Calling someone a chamor is a classic Israeli insult.,הַחֲמוֹר נוֹשֵׂא מִטְעָן כָּבֵד.,Ha-chamor noseh mit'an kaved.,The donkey carries a heavy load.,Nouns · Animals,2
Monkey,קוֹף,Kof,pl. Kofim קוֹפִים,KOF — a monkey with a COUGH. Also the name of the Hebrew letter ק.,הַקּוֹף אוֹכֵל בַּנָנָה בְּגַן חַיּוֹת.,Ha-kof ochel banana ba-gan chayot.,The monkey eats a banana at the zoo.,Nouns · Animals,2
Big,גָּדוֹל / גְּדוֹלָה,Gadol / Gdola,pl. Gdolim / Gdolot גְּדוֹלִים / גְּדוֹלוֹת,"ga-DOL — Goliath (Golyat) was gadol. Also the root of ligdol, ""to grow"".",יֵשׁ לָהֶם בַּיִת גָּדוֹל עִם גִּנָּה.,Yesh lahem bayit gadol im gina.,They have a big house with a garden.,Adjectives · Dimensions,3
Long,אָרוֹךְ / אֲרוּכָּה,Aroch / Aruka,pl. Aruchim / Aruchot אֲרוּכִים / אֲרוּכוֹת,a-ROCH — think of a long ARCH stretching away. Orech = length.,הַדֶּרֶךְ אֲרֻכָּה אֲבָל יָפָה.,Ha-derech aruka aval yafa.,The road is long but beautiful.,Adjectives · Dimensions,3
Short,קָצָר / קְצָרָה,Katzar / Ktzara,pl. Ktzarim / Ktzarot קְצָרִים / קְצָרוֹת,"ka-TSAR — a short haircut, like a CUT-SIR. From liktzor, to cut short/harvest.",הַסִּפּוּר קָצָר וּמְעַנְיֵן.,Ha-sipur katzar ve-me'anyen.,The story is short and interesting.,Adjectives · Dimensions,3
Tall / high,גָּבוֹהַּ / גְּבוֹהָה,Gavoha / Gvoha,pl. Gvohim / Gvohot גְּבוֹהִים / גְּבוֹהוֹת,ga-VO-ha — say it and your voice goes UP on the -VO-. Gova = height.,הָאָח שֶׁלִּי גָּבוֹהַּ מִמֶּנִּי.,Ha-achi gavoha mimeni.,My brother is taller than me.,Adjectives · Dimensions,3
Low / short (in height),נָמוּךְ / נְמוּכָה,Namuch / Nemucha,pl. Nemuchim / Nemuchot נְמוּכִים / נְמוּכוֹת,"na-MOOCH — ""not MUCH"" of it. The opposite of gavoha, and used for prices and volume too.",הַשֻּׁלְחָן נָמוּךְ מִדַּי.,Ha-shulchan namuch mid'i.,The table is too low.,Adjectives · Dimensions,3
Rabbit,שָׁפָן,Shafan,pl. Shfanim שְׁפָנִים,"sha-FAN — a rabbit is a big FAN of carrots. (Shafan also means ""coward"" in slang.)",הַשָּׁפָן אוֹכֵל גֶּזֶר.,Ha-shafan ochel gezer.,The rabbit eats a carrot.,Nouns · Animals,4
Mouse,עַכְבָּר,Achbar,pl. Achbarim עַכְבָּרִים,ach-BAR — a mouse sneaking into the BAR. Also the word for a computer mouse.,יֵשׁ עַכְבָּר בַּמִּטְבָּח!,Yesh achbar ba-mitbach!,There's a mouse in the kitchen!,Nouns · Animals,4
Snake,נָחָשׁ,Nachash,pl. Nechashim נְחָשִׁים,na-CHASH — hear the hiss in the -CHASH. The serpent in Eden is Ha-Nachash.,הַנָּחָשׁ מְסֻכָּן מְאוֹד.,Ha-nachash mesukan me'od.,The snake is very dangerous.,Nouns · Animals,4
Turtle,צָב,Tsav,pl. Tsavim צַבִּים,"TSAV — short and squat, like the turtle itself. Sounds like ""tsov"" — slow.",הַצָּב הוֹלֵךְ לְאַט מְאוֹד.,Ha-tsav holech le'at me'od.,The turtle walks very slowly.,Nouns · Animals,4
Spider,עַכָּבִישׁ,Akavish,pl. Akavishim עַכָּבִישִׁים,"a-ka-VEESH — ""a-ka-VEESH"" sounds like a web being spun. Kurei akavish = a spider's web.",יֵשׁ עַכָּבִישׁ גָּדוֹל בַּפִּנָּה.,Yesh akavish gadol ba-pina.,There's a big spider in the corner.,Nouns · Animals,4
To go / to walk,הוֹלֵךְ / הוֹלֶכֶת,Holech / Holechet,inf. La-lechet לָלֶכֶת,"ho-LECH — imagine walking and calling ""Hoe! Lech!"" Also: Yalla, lech! = ""Come on, go!""",אֲנִי הוֹלֶכֶת לָעֲבוֹדָה בָּרֶגֶל.,Ani holechet la-avoda ba-regel.,I walk to work on foot.,Verbs · Motion,5
To come,בָּא / בָּאָה,Ba / Ba-a,inf. La-vo לָבוֹא,"BA — a sheep goes ""baa"" as it comes toward you. Two letters, easiest verb in Hebrew.",הָאוֹרְחִים בָּאִים בְּשֵׁשׁ.,Ha-orchim baim be-shesh.,The guests are coming at six.,Verbs · Motion,5
To exit / to go out,יוֹצֵא / יוֹצֵאת,Yotze / Yotzet,inf. Lat-zet לָצֵאת,"yo-TZEH — the EXIT sign at every Israeli mall says יְצִיאָה (yetzia). ""Yo, TSAY goodbye, I'm out.""",אֲנַחְנוּ יוֹצְאִים מֵהַבַּיִת בִּשְׁמוֹנֶה.,Anachnu yotzim mi-ha-bayit be-shmoneh.,We leave the house at eight.,Verbs · Motion,5
To return (somewhere),חוֹזֵר / חוֹזֶרֶת,Chozer / Chozeret,inf. Lach-zor לַחֲזוֹר,"cho-ZER — you return to ZERO, back to the start.",הוּא חוֹזֵר מֵהַטִּיּוּל מָחָר.,Hu chozer me-ha-tiyul machar.,He's coming back from the trip tomorrow.,Verbs · Motion,5
To travel (by vehicle),נוֹסֵעַ / נוֹסַעַת,Nosea / Nosaat,inf. Lin-soa לִנְסוֹעַ,no-SEH-a — you travel by NOSE-ing the car forward. Use this for cars/buses; holech is on foot.,אֲנַחְנוּ נוֹסְעִים לִירוּשָׁלַיִם בְּאוֹטוֹבּוּס.,Anachnu nosim le-Yerushalayim be-otobus.,We're traveling to Jerusalem by bus.,Verbs · Motion,5
Butterfly,פַּרְפַּר,Parpar,pl. Parparim פַּרְפָּרִים,"par-PAR — say it twice like the two flapping wings: par-par, par-par.",הַפַּרְפַּר צִבְעוֹנִי וְיָפֶה.,Ha-parpar tzivoni ve-yafe.,The butterfly is colorful and beautiful.,Nouns · Animals,8
Fly,זְבוּב,Zvuv,pl. Zvuvim זְבוּבִים,ZVOOV — it literally buzzes: zvoov-zvoov.,הַזְּבוּב מְעַצְבֵּן אוֹתִי.,Ha-zvuv me'atzben oti.,The fly is annoying me.,Nouns · Animals,8
Insect / bug,חֶרֶק,Cherek (slang: Juk),pl. Charakim חֲרָקִים,CHEH-rek — a bug that wrecks your picnic. Juk is the everyday slang word for a cockroach.,יֵשׁ הַרְבֵּה חֲרָקִים בַּגִּנָּה.,Yesh harbeh charakim ba-gina.,There are a lot of insects in the garden.,Nouns · Animals,8
Chick (baby bird),גּוֹזָל,Gozal,pl. Gozalim גּוֹזָלִים,go-ZAL — a fluffy chick that GOES ALL over the place. Israelis call a cute kid a gozal.,הַגּוֹזָל נוֹפֵל מֵהַקֵּן.,Ha-gozal nofel me-ha-ken.,The chick falls from the nest.,Nouns · Animals,8
Chicken / rooster (animal),תַּרְנְגוֹל / תַּרְנְגוֹלֶת,Tarnegol / Tarnegolet,pl. Tarnegolim / Tarnegolot תַּרְנְגוֹלִים / תַּרְנְגוֹלוֹת,"tar-ne-GOL — a rooster crowing a long ""tar-ne-GOOOL"" at dawn. The -et ending makes it the hen.",הַתַּרְנְגוֹל קוֹרֵא בַּבֹּקֶר.,Ha-tarnegol koreh ba-boker.,The rooster crows in the morning.,Nouns · Animals,8
Tomorrow,מָחָר,Machar,,"ma-CHAR — ""MY CAR is coming tomorrow."" Machrataim = the day after tomorrow.",מָחָר אֲנִי נִפְגֶּשֶׁת עִם הָרוֹפְאָה.,Machar ani nifgeshet im ha-rofa.,Tomorrow I'm meeting the doctor.,Connectors · Time,9
Yesterday,אֶתְמוֹל,Etmol,,"et-MOL — ""et"" (time) + a mumble. Shilshom = the day before yesterday.",אֶתְמוֹל הָיָה חַם מְאוֹד.,Etmol haya cham me'od.,Yesterday it was very hot.,Connectors · Time,9
Then / so,אָז,Az,,"AZ — two letters. Israelis open half their sentences with ""Az…"" the way English speakers say ""So…""",אָז מָה עָשִׂיתָ?,Az ma nasata?,So what did you do?,Connectors · Time,9
Still / yet,עֲדַיִן,Adayin,,"a-DA-yin — ""Are we there yet? A-DYIN' to know."" Od is the shorter, more casual alternative.",אֲנִי עֲדַיִן לוֹמֶדֶת עִבְרִית.,Ani adayin lomedet ivrit.,I'm still studying Hebrew.,Connectors · Time,9
Time(s) / occasion,פַּעַם / פְּעָמִים,Pa'am / Pe'amim,pl. Pe'amim פְּעָמִים,"PA-am — ""Pa'am"" alone means ""once, back in the day"". Kama pe'amim? = ""How many times?""",הָיִיתִי שָׁם שָׁלוֹשׁ פְּעָמִים.,Hayiti sham shalosh pe'amim.,I've been there three times.,Connectors · Time,9
Dove / pigeon,יוֹנָה,Yona,pl. Yonim יוֹנִים,"yo-NA — Jonah (Yonah) in the Bible is literally named ""dove"". Noah's dove was a yona too.",הַיּוֹנָה עוֹמֶדֶת עַל הַגַּג.,Ha-yona omedet al ha-gag.,The dove is standing on the roof.,Nouns · Animals,10
Duck,בַּרְוָז / בַּרְוָזָה,Barvaz / Barvaza,pl. Barvazim / Barvazot בַּרְוָזִים / בַּרְוָזוֹת,bar-VAZ — a duck waddling into a BAR with a VASE. Silly enough to stick.,הַבַּרְוָזִים שׂוֹחִים בָּאֲגַם.,Ha-barvazim sochim ba-agam.,The ducks swim in the lake.,Nouns · Animals,10
Eagle / vulture,נֶשֶׁר,Nesher,pl. Nesharim נְשָׁרִים,NEH-sher — a NASHER that snatches its prey. Israel's rescue helicopters and a whole town are named Nesher.,הַנֶּשֶׁר עָף גָּבוֹהַּ בַּשָּׁמַיִם.,Ha-nesher af gavoha ba-shamayim.,The eagle flies high in the sky.,Nouns · Animals,10
Owl,יַנְשׁוּף,Yanshuf,pl. Yanshufim יַנְשׁוּפִים,"yan-SHOOF — an owl going ""shoof… shoof…"" in the night. (Handily, shuf is Arabic slang for ""look"" — the owl is all eyes.)",הַיַּנְשׁוּף עֵר כָּל הַלַּיְלָה.,Ha-yanshuf er kol ha-laila.,The owl is awake all night.,Nouns · Animals,10
Pet,חַיַּת מַחְמָד,Chayat machmad,pl. Chayot machmad חַיּוֹת מַחְמָד,"chai-YAT mach-MAD — chaya = animal, machmad = darling/delight. A ""darling animal"".",יֵשׁ לָכֶם חַיַּת מַחְמָד בַּבַּיִת?,Yesh lachem chayat machmad ba-bayit?,Do you have a pet at home?,Nouns · Animals,10
Tail,זָנָב,Zanav,pl. Zenavot זְנָבוֹת,"za-NAV — the tail NAVigates the animal. Also: a zanav is the ""tail end"" of a line.",לַכֶּלֶב יֵשׁ זָנָב אָרוֹךְ.,La-kelev yesh zanav aroch.,The dog has a long tail.,Nouns · Animals,10
To run,רָץ / רָצָה,Ratz / Ratza,inf. La-rutz לָרוּץ,RATS — rats run. Careful: ratz (runs) vs. rotze (wants) — one vowel apart.,הַיֶּלֶד רָץ מַהֵר מְאוֹד.,Ha-yeled ratz maher me'od.,The boy runs very fast.,Verbs · Motion,11
To jump,קוֹפֵץ / קוֹפֶצֶת,Kofetz / Kofetzet,inf. Lik-potz לִקְפּוֹץ,KOH-fets — a jumping COFFEE POT rattling on the stove.,הַקּוֹף קוֹפֵץ עַל הָעֵץ.,Ha-kof kofetz al ha-etz.,The monkey jumps on the tree.,Verbs · Motion,11
To swim,שׂוֹחֶה / שׂוֹחָה,Soche / Socha,inf. Lis-chot לִשְׂחוֹת,"SO-cheh — you swim so you don't SOAK and sink. Sounds a bit like ""so-chill"" — floating.",אֲנִי שׂוֹחָה בָּאֲגַם כָּל בֹּקֶר.,Ani socha ba-agam kol boker.,I swim in the lake every morning.,Verbs · Motion,11
To dance,רוֹקֵד / רוֹקֶדֶת,Roked / Rokedet,inf. Lir-kod לִרְקוֹד,"ROH-ked — dancing to ROCK music, in a CODE of steps. Hebrew hora dancing = rikud.",הֵם רוֹקְדִים בַּחֲתוּנָה כָּל הַלַּיְלָה.,Hem rokdim ba-chatuna kol ha-laila.,They dance at the wedding all night.,Verbs · Motion,11
To move,זָז / זָזָה,Zaz / Zaza,inf. La-zuz לָזוּז,"ZAZ — buzz-buzz, something that won't sit still. ""Zuz!"" is what Israelis shout for ""Move it!""","אַל תָּזוּז, אֲנִי מְצַלֵּם!","Al tazuz, ani metzalem!","Don't move, I'm taking a picture!",Verbs · Motion,11
Head,רֹאשׁ,Rosh,pl. Rashim רָאשִׁים,"ROSH — Rosh Hashanah = ""head of the year"". Rosh is also a boss or a chief.",כּוֹאֵב לִי הָרֹאשׁ.,Ko'ev li ha-rosh.,My head hurts.,Nouns · Body,12
Hair,שֵׂעָר,Se-ar,,"seh-AR — think of a SHEAR, the tool for cutting hair. Usually used as a collective, no plural.",יֵשׁ לָהּ שֵׂעָר אָרוֹךְ וְשָׁחוֹר.,Yesh la se'ar aroch ve-shachor.,She has long black hair.,Nouns · Body,12
Eye,עַיִן,Ayin,pl. Enayim עֵינַיִם,"AH-yin — think of the ""evil eye"" charm, the ayin hara. Body parts that come in twos take the -ayim ending.",יֵשׁ לוֹ עֵינַיִם יְרֻקּוֹת.,Yesh lo enayim yerukot.,He has green eyes.,Nouns · Body,12
Ear,אֹזֶן,Ozen,pl. Oznayim אָזְנַיִם,"OH-zen — hamantaschen are called oznei Haman, ""Haman's ears"". Note the -ayim pair ending again.",הָאָזְנַיִם שֶׁלִּי כּוֹאֲבוֹת בַּמָּטוֹס.,Ha-oznayim sheli ko'avot ba-matos.,My ears hurt on the plane.,Nouns · Body,12
Nose,אַף,Af,pl. Apayim אַפַּיִם,"AF — one syllable, like a sniff. Af also means ""not even / none at all"": af echad = nobody.",הָאַף שֶׁלִּי סָתוּם.,Ha-af sheli satum.,My nose is blocked.,Nouns · Body,12
Old (things that don't grow),יָשָׁן / יְשָׁנָה,Yashan / Yeshana,pl. Yeshanim / Yeshanot יְשָׁנִים / יְשָׁנוֹת,"ya-SHAN — the same root as yashen (asleep). Old things have been sleeping a long time. Use for objects, never people.",הַמְּכוֹנִית הַיְּשָׁנָה עוֹד נוֹסַעַת.,Ha-mechonit ha-yeshana od nosaat.,The old car still runs.,Adjectives · Age,15
New / young (things),חָדָשׁ / חֲדָשָׁה,Chadash / Chadasha,pl. Chadashim / Chadashot חֲדָשִׁים / חֲדָשׁוֹת,"cha-DASH — the twin of chodesh (month): the new moon. Chadashot = the news, ""the new things"".",יֵשׁ לִי טֶלֶפוֹן חָדָשׁ.,Yesh li telefon chadash.,I have a new phone.,Adjectives · Age,15
"Old (people, aged)",זָקֵן / זְקֵנָה,Zaken / Zkena,pl. Zkenim / Zkenot זְקֵנִים / זְקֵנוֹת,"za-KEN — from zakan, ""beard"". The old man is the bearded one. Use for living things only.",הַכֶּלֶב הַזָּקֵן יָשֵׁן כָּל הַיּוֹם.,Ha-kelev ha-zaken yashen kol ha-yom.,The old dog sleeps all day.,Adjectives · Age,15
"Young (people, growing)",צָעִיר / צְעִירָה,Tza'ir / Tze'ira,pl. Tze'irim / Tze'irot צְעִירִים / צְעִירוֹת,"tsa-EER — a young person is EAGER. (Careful: tza'if = scarf, one letter apart.)",הִיא צְעִירָה מִדַּי לַתַּפְקִיד הַזֶּה.,Hi tze'ira mid'i la-tafkid ha-ze.,She's too young for this role.,Adjectives · Age,15
Ancient,עַתִּיק / עַתִּיקָה,Atik / Atika,pl. Atikim / Atikot עַתִּיקִים / עַתִּיקוֹת,"a-TEEK — an ANTIQUE. Same word, same root. Ha-Ir ha-Atika = the Old City of Jerusalem.",בִּקַּרְנוּ בָּעִיר הָעַתִּיקָה.,Bikarnu ba-ir ha-atika.,We visited the Old City.,Adjectives · Age,15
Mouth,פֶּה,Peh,pl. Piyot פִּיּוֹת,"PEH — the sound your mouth makes spitting something out: ""peh!"" Also the letter פ.","תִּפְתַּח אֶת הַפֶּה, בְּבַקָּשָׁה.","Tiftach et ha-peh, bevakasha.","Open your mouth, please.",Nouns · Body,16
Tooth,שֵׁן,Shen,pl. Shinayim שִׁנַּיִם,"SHEN — you SHINE your teeth. A dentist is a rofe shinayim, a ""teeth doctor"".",אֲנִי מְצַחְצֵחַ שִׁנַּיִם פַּעֲמַיִם בְּיוֹם.,Ani mtzachtzeach shinayim pa'amayim be-yom.,I brush my teeth twice a day.,Nouns · Body,16
Eyebrow,גַּבָּה,Gaba,pl. Gabot גַּבּוֹת,"ga-BA — from gav (back): the eyebrow is the ""back"" or ridge above the eye.",הִיא מְרִימָה גַּבָּה בְּהַפְתָּעָה.,Hi merima gaba be-hafta'a.,She raises an eyebrow in surprise.,Nouns · Body,16
Brain,מוֹחַ,Moach,pl. Mochot מוֹחוֹת,"MO-ach — ""MORE, ACH!"" — the organ that always wants more. Slang: yesh lo moach = ""he's smart"".",הַמּוֹחַ שֶׁל הָאָדָם מְסֻבָּךְ.,Ha-moach shel ha-adam mesubach.,The human brain is complicated.,Nouns · Body,16
Skin / leather,עוֹר,Or,,"OR — careful: or (עוֹר) = skin, but or (אוֹר) = light. Same sound, different first letter.",יֵשׁ לִי עוֹר רָגִישׁ לַשֶּׁמֶשׁ.,Yesh li or ragish la-shemesh.,I have skin that's sensitive to the sun.,Nouns · Body,16
To see,רוֹאֶה / רוֹאָה,Ro-eh / Ro-ah,inf. Lir-ot לִרְאוֹת,"ro-EH — a ROE deer that you SEE in the field. Lehitraot (""see you"") comes from this root.",אֲנִי רוֹאֶה אֶת הַיָּם מֵהַחַלּוֹן.,Ani ro'eh et ha-yam me-ha-chalon.,I see the sea from the window.,Verbs · Perception,17
To hear,שׁוֹמֵעַ / שׁוֹמַעַת,Shomea / Shomaat,inf. Lish-moa לִשְׁמוֹעַ,"sho-MEH-a — ""Shma Yisrael"" — HEAR, O Israel. Same root, ancient and everywhere.",אַתָּה שׁוֹמֵעַ אֶת הַמּוּזִיקָה?,Ata shomea et ha-musika?,Do you hear the music?,Verbs · Perception,17
To listen,מַקְשִׁיב / מַקְשִׁיבָה,Makshiv / Makshiva,inf. Le-hakshiv לְהַקְשִׁיב,"mak-SHEEV — to listen you have to make it ""SHHH"". Shomea = hear by accident; makshiv = listen on purpose.",הוּא לֹא מַקְשִׁיב לִי בִּכְלָל.,Hu lo makshiv li bichlal.,He doesn't listen to me at all.,Verbs · Perception,17
To look / to watch closely,מִסְתַּכֵּל / מִסְתַּכֶּלֶת,Mistakel / Mistakelet,inf. Le-histakel לְהִסְתַּכֵּל,"mis-ta-KEL — ""Miss, take a look!"" The mis-/mit- start marks a reflexive verb: you turn your own eyes.",הִיא מִסְתַּכֶּלֶת עַל הַתְּמוּנָה.,Hi mistakelet al ha-tmuna.,She's looking at the picture.,Verbs · Perception,17
To smell,מֵרִיחַ / מְרִיחָה,Meriach / Mericha,inf. Le-hariach לְהָרִיחַ,meh-REE-ach — the smell REACHES your nose. Reach = riach.,אֲנִי מֵרִיחַ לֶחֶם טָרִי.,Ani meriach lechem tari.,I smell fresh bread.,Verbs · Perception,17
Hand / arm,יָד,Yad,pl. Yadayim יָדַיִם,YAD — the hamsa charm is also called a yad. The Torah pointer is a yad too — a little hand.,תִּרְחַץ יָדַיִם לִפְנֵי הָאֲרוּחָה.,Tirchatz yadayim lifnei ha-arucha.,Wash your hands before the meal.,Nouns · Body,18
Finger,אֶצְבַּע,Etzba,pl. Etzbaot אֶצְבָּעוֹת,"ETS-ba — ""ETS-BAH!"" — the sound of poking someone with a finger.",חָתַכְתִּי אֶת הָאֶצְבַּע בַּמִּטְבָּח.,Chatachti et ha-etzba ba-mitbach.,I cut my finger in the kitchen.,Nouns · Body,18
Shoulder,כָּתֵף,Katef,pl. Ktefayim כְּתֵפַיִם,"ka-TEF — you carry a bag on your shoulder, so it's the ""CARRY-TEF"". K-t-f is the root for carrying on the shoulder.",הַכָּתֵף שֶׁלִּי כּוֹאֶבֶת מֵהַיַּלְקוּט.,Ha-katef sheli ko'evet me-ha-yalkut.,My shoulder hurts from the backpack.,Nouns · Body,18
Back,גַּב,Gav,pl. Gavim גַּבִּים,"GAV — think ""GIVE me a back rub"". Also the root of gaba (eyebrow) — a ridge.",כּוֹאֵב לִי הַגַּב מֵהַיְּשִׁיבָה.,Ko'ev li ha-gav mi-ha-yeshiva.,My back hurts from sitting.,Nouns · Body,18
Chest,חָזֶה,Chaze,pl. Chazot חָזוֹת,cha-ZEH — related to chazak (strong) in sound: a strong chest. Also the word for chicken breast on a menu.,"חֲזֵה עוֹף עִם יְרָקוֹת, בְּבַקָּשָׁה.","Chaze of im yerakot, bevakasha.","Chicken breast with vegetables, please.",Nouns · Body,18
Leg / foot,רֶגֶל,Regel,pl. Raglaim רַגְלַיִם,"REH-gel — you get around on a REGULAR pair of legs. Ba-regel = ""on foot""; kaduregel = soccer, ""foot-ball"".",אֲנִי הוֹלֵךְ לַחֲנוּת בָּרֶגֶל.,Ani holech la-chanut ba-regel.,I walk to the store on foot.,Nouns · Body,19
Foot (the sole),כַּף רֶגֶל,Kaf regel,pl. Kapot raglaim כַּפּוֹת רַגְלַיִם,"kaf = a scoop or palm. Your foot is literally ""the scoop of the leg"" — and kaf yad is the palm of your hand.",הַחוֹל חַם עַל כַּפּוֹת הָרַגְלַיִם.,Ha-chol cham al kapot ha-raglaim.,The sand is hot on the soles of my feet.,Nouns · Body,19
Toe,אֶצְבַּע רֶגֶל,Etzba regel,pl. Etzbaot raglaim אֶצְבְּעוֹת רַגְלַיִם,"Hebrew has no separate word for ""toe"" — it's just a ""finger of the leg"". Nice and logical.",נִפְגַּעְתִּי בְּאֶצְבַּע רֶגֶל בַּדֶּלֶת.,Nifga'ti ba-etzba regel ba-delet.,I hurt my toe on the door.,Nouns · Body,19
Knee,בֶּרֶךְ,Berech,pl. Birkayim בִּרְכַּיִם,BEH-rech — the same root as bracha (blessing): you bend the knee to bless. Baruch = blessed.,הַבִּרְכַּיִם שֶׁלִּי כּוֹאֲבוֹת אַחֲרֵי הָרִיצָה.,Ha-birkayim sheli ko'avot achrei ha-ritza.,My knees hurt after the run.,Nouns · Body,19
Heart,לֵב,Lev,pl. Levavot לְבָבוֹת,"LEV — LOVE with a V. Sim lev = ""pay attention"" (literally ""put heart"").",יֵשׁ לָהּ לֵב טוֹב.,Yesh la lev tov.,She has a good heart.,Nouns · Body,19
To speak / to talk,מְדַבֵּר / מְדַבֶּרֶת,Medaber / Medaberet,inf. Le-daber לְדַבֵּר,me-da-BER — you talk and talk and it's a lot of DEBRIS/blah-blah. Dibur = speech.,אַתְּ מְדַבֶּרֶת עִבְרִית?,At medaberet ivrit?,Do you speak Hebrew?,Verbs · Communication,22
To say (pt. 2),אוֹמֵר / אוֹמֶרֶת,Omer / Omeret,inf. Lo-mar לוֹמַר,"oh-MER — ""Oh, MORE?"" is what you say. This is the everyday ""say"".",מָה אַתְּ אוֹמֶרֶת? אֲנִי לֹא שׁוֹמֵעַ.,Ma at omeret? Ani lo shomea.,What are you saying? I can't hear.,Verbs · Communication,22
To say / to tell (pt. 1),מַגִּיד / מַגִּידָה,Magid / Magida,inf. Le-hagid לְהַגִּיד,"ma-GID — a maggid was a wandering preacher who went town to town telling stories. Mostly used in the infinitive: Tagid li… = ""Tell me…""",תַּגִּיד לִי אֶת הָאֱמֶת.,Tagid li et ha-emet.,Tell me the truth.,Verbs · Communication,22
To tell / to narrate,מְסַפֵּר / מְסַפֶּרֶת,Mesaper / Mesaperet,inf. Le-saper לְסַפֵּר,me-sa-PER — same root as sefer (book) and sipur (story). A story-teller is a sofer/sapar of tales.,סַבָּא מְסַפֵּר סִפּוּרִים לַנְּכָדִים.,Saba mesaper sipurim la-nechadim.,Grandpa tells stories to the grandchildren.,Verbs · Communication,22
To ask (a question),שׁוֹאֵל / שׁוֹאֶלֶת,Shoel / Shoelet,inf. Li-shol לִשְׁאֹל,"sho-EL — ""Show 'ell, what's the answer?"" She'ela = a question.",הַתַּלְמִיד שׁוֹאֵל שְׁאֵלָה טוֹבָה.,Ha-talmid shoel she'ela tova.,The student asks a good question.,Verbs · Communication,22
Happy,שָׂמֵחַ / שְׂמֵחָה,Sameach / Smecha,pl. Smechim / Smechot שְׂמֵחִים / שְׂמֵחוֹת,sa-ME-ach — every Hebrew holiday greeting uses it: Chag sameach! Simcha = a joyous occasion.,אֲנִי שְׂמֵחָה לִרְאוֹת אוֹתְךָ.,Ani smecha lir'ot otcha.,I'm happy to see you.,Adjectives · Emotions,23
Excited,מִתְרַגֵּשׁ / מִתְרַגֶּשֶׁת,Mitragesh / Mitrageshet,pl. Mitragshim / Mitragshot מִתְרַגְּשִׁים / מִתְרַגְּשׁוֹת,"mit-ra-GESH — from regesh (emotion), same as margish (feel). The mit- means it's happening inside you.",אֲנִי מִתְרַגֶּשֶׁת לִפְנֵי הַטִּיּוּל.,Ani mitrageshet lifnei ha-tiyul.,I'm excited before the trip.,Adjectives · Emotions,23
Proud,גֵּאֶה / גֵּאָה,Ge'e / Ge'a,pl. Ge'im / Ge'ot גֵּאִים / גֵּאוֹת,"geh-EH — sounds like a proud little ""GAY-eh!"" Ga'ava = pride; the Pride parade is Mitzad ha-Ga'ava.",אֲנִי גֵּאֶה בָּאָחוֹת שֶׁלִּי.,Ani ge'e ba-achot sheli.,I'm proud of my sister.,Adjectives · Emotions,23
Fun,כֵּיף,Kef,,"KEF — borrowed from Arabic kayf. ""Eize kef!"" = ""How fun!"" It's a noun really — ""Yesh li kef"" = I'm having fun.",אֵיזֶה כֵּיף בַּיָּם הַיּוֹם!,Eize kef ba-yam ha-yom!,What fun at the sea today!,Adjectives · Emotions,23
Interesting,מְעַנְיֵן / מְעַנְיֶנֶת,Me'anyen / Me'anyenet,pl. Me'anyenim / Me'anyenot מְעַנְיְנִים / מְעַנְיְנוֹת,"me-an-YEN — from inyan, ""a matter/interest"". ""Ein li inyan"" = ""I'm not interested"".",הַשִּׁיעוּר הַזֶּה מְעַנְיֵן מְאוֹד.,Ha-shiur ha-ze me'anyen me'od.,This lesson is very interesting.,Adjectives · Emotions,23
Body,גּוּף,Guf,pl. Gufim גּוּפִים,"GOOF — your body is a big GOOFY machine. Guf also means ""grammatical person"" (first person = guf rishon).",חָשׁוּב לִשְׁמוֹר עַל הַגּוּף.,Chashuv lishmor al ha-guf.,It's important to take care of your body.,Nouns · Body,24
Bone,עֶצֶם,Etzem,pl. Atzamot עֲצָמוֹת,"EH-tsem — etzem also means ""an object"" or ""the essence of a thing"": be-etzem = ""actually, in essence"".",הַכֶּלֶב אוֹכֵל עֶצֶם בַּגִּנָּה.,Ha-kelev ochel etzem ba-gina.,The dog eats a bone in the garden.,Nouns · Body,24
Stomach,קֵבָה,Keva,pl. Kevot קֵבוֹת,"KEH-va — think ""CAVE-ah"": the cave where your food goes.",כּוֹאֶבֶת לִי הַקֵּבָה אַחֲרֵי הָאֲרוּחָה.,Ko'evet li ha-keva achrei ha-arucha.,My stomach hurts after the meal.,Nouns · Body,24
Person (man / woman),גֶּבֶר / אִשָּׁה,Gever / Isha,pl. Gvarim / Nashim גְּבָרִים / נָשִׁים,"GEH-ver — a gever is a ""man's man""; gvura = heroism. Isha = woman, from the same root as ish (man/person). Note the irregular plural nashim.",יֵשׁ שְׁלוֹשָׁה גְּבָרִים וּשְׁתֵּי נָשִׁים בַּחֶדֶר.,Yesh shlosha gvarim ve-shtei nashim ba-cheder.,There are three men and two women in the room.,Nouns · Body,24
Baby,תִּינוֹק / תִּינוֹקֶת,Tinok / Tinoket,pl. Tinokim / Tinokot תִּינוֹקִים / תִּינוֹקוֹת,"tee-NOK — a baby gives a little ""TINY KNOCK"" on the world.",הַתִּינוֹקֶת יְשֵׁנָה בַּמִּטָּה.,Ha-tinoket yeshena ba-mita.,The baby girl is sleeping in the bed.,Nouns · Family,25
Brother,אָח,Ach,pl. Achim אַחִים,"ACH — ""Ach sheli!"" (""my brother!"") is how Israeli men greet each other. Also the sound of a sigh.",יֵשׁ לִי אָח אֶחָד וּשְׁתֵּי אֲחָיוֹת.,Yesh li ach echad ve-shtei achayot.,I have one brother and two sisters.,Nouns · Family,25
Sister,אָחוֹת,Achot,pl. Achayot אַחְיוֹת,"a-CHOT — brother + the feminine -ot. Achot also means ""nurse"" in a hospital.",הָאָחוֹת שֶׁלִּי גָּרָה בְּחֵיפָה.,Ha-achot sheli gara be-Chaifa.,My sister lives in Haifa.,Nouns · Family,25
Husband / owner,בַּעַל,Ba-al,pl. Bealim בְּעָלִים,"BA-al — Baal was the Canaanite ""lord"". A ba'al is a master or owner — and, old-fashionedly, a husband.",הַבַּעַל שֶׁלָּהּ מְבַשֵּׁל מְצֻיָּן.,Ha-ba'al shela mevashel metzuyan.,Her husband cooks excellently.,Nouns · Family,25
Partner / roommate,שׁוּתָף / שׁוּתָפָה,Shutaf / Shutafa,pl. Shutafim / Shutafot שׁוּתָפִים / שׁוּתָפוֹת,shu-TAF — you SHARE the TAB. Shutafut = a partnership.,הַשּׁוּתָפָה שֶׁלִּי לְדִירָה מְאוֹד נְקִיָּה.,Ha-shutafa sheli le-dira me'od nekiya.,My apartment roommate is very clean.,Nouns · Family,25
Brother-in-law,גִּיס,Gis,pl. Gisim גִּיסִים,"GEES — ""GEEZ, another in-law."" Short and easy; add -a for the sister-in-law.",הַגִּיס שֶׁלִּי בָּא לָאֲרוּחָה.,Ha-gis sheli bah la-arucha.,My brother-in-law is coming to the meal.,Nouns · Family,26
Sister-in-law,גִּיסָה,Gisa,pl. Gisot גִּיסוֹת,gee-SA — gis + the feminine -a. Hebrew is beautifully regular here.,הַגִּיסָה שֶׁלִּי אַדְרִיכָלִית.,Ha-gisa sheli adrichalit.,My sister-in-law is an architect.,Nouns · Family,26
Daughter-in-law / bride,כַּלָּה,Kala,pl. Kalot כַּלּוֹת,"ka-LA — the same word covers ""bride"" and ""daughter-in-law"". Kala sounds like ""call-ah"" — the one being called into the family.",הַכַּלָּה לוֹבֶשֶׁת שִׂמְלָה לְבָנָה.,Ha-kala lovehet simla levana.,The bride wears a white dress.,Nouns · Family,26
Son-in-law / groom,חָתָן,Chatan,pl. Chatanim חֲתָנִים,cha-TAN — the groom at the chatuna (wedding). Same root: ch-t-n.,הֶחָתָן וְהַכַּלָּה רוֹקְדִים.,Ha-chatan ve-ha-kala rokdim.,The groom and bride are dancing.,Nouns · Family,26
Step- (relative),חוֹרֵג / חוֹרֶגֶת,Choreg / Choreget,,"cho-REG — literally ""deviating / outside the norm"". Add it after the relative: ach choreg = stepbrother.",הָאָח הַחוֹרֵג שֶׁלִּי גָּר בְּאָמֶרִיקָה.,Ha-ach ha-choreg sheli gar be-Amerika.,My stepbrother lives in America.,Nouns · Family,26
To ask for / to request,מְבַקֵּשׁ / מְבַקֶּשֶׁת,Mevakesh / Mevakeshet,inf. Le-vakesh לְבַקֵּשׁ,"me-va-KESH — you request CASH. Bakasha = a request; bevakasha = ""please / here you go"".","אֲנִי מְבַקֶּשֶׁת מַיִם, בְּבַקָּשָׁה.","Ani mevakeshet mayim, bevakasha.","I'm asking for water, please.",Verbs · Communication,29
To answer,עוֹנֶה / עוֹנָה,One / Ona,inf. La-anot לַעֲנוֹת,"OH-neh — ""Oh, NAY"" is still an answer. Tshuva = an answer.",הִיא לֹא עוֹנָה לַטֶּלֶפוֹן.,Hi lo ona la-telefon.,She isn't answering the phone.,Verbs · Communication,29
To explain,מַסְבִּיר / מַסְבִּירָה,Masbir / Masbira,inf. Le-hasbir לְהַסְבִּיר,mas-BEER — after a couple of BEERS everyone starts explaining everything.,הַמּוֹרָה מַסְבִּירָה אֶת הַשִּׁיעוּר שׁוּב.,Ha-mora masbira et ha-shiur shuv.,The teacher explains the lesson again.,Verbs · Communication,29
To shout / to yell,צוֹעֵק / צוֹעֶקֶת,Tzoek / Tzoeket,inf. Litz-ok לִצְעֹק,"TSO-ek — sounds like a shriek itself: ""tsoh-EK!"" Half a shout, half a squawk.","אַל תִּצְעַק, אֲנִי לֹא חֵרֵשׁ!","Al titz'ak, ani lo cheresh!","Don't shout, I'm not deaf!",Verbs · Communication,29
To be quiet / to shut up,שׁוֹתֵק / שׁוֹתֶקֶת,Shotek / Shoteket,inf. Lish-tok לִשְׁתּוֹק,"SHO-tek — ""Shhh… take it down."" Sheket! = ""Quiet!"" — same root.",כֻּלָּם שׁוֹתְקִים כְּשֶׁהוּא מְדַבֵּר.,Kulam shotkim kshe-hu medaber.,Everyone goes quiet when he speaks.,Verbs · Communication,29
Nephew,אַחְיָן,Achyan,pl. Achyanim אַחְיָנִים,"ach-YAN — from ach (brother): your brother's kid. ""Brother-ian"".",הָאַחְיָן שֶׁלִּי בֶּן חָמֵשׁ.,Ha-achyan sheli ben chamesh.,My nephew is five years old.,Nouns · Family,30
Niece,אַחְיָנִית,Achyanit,pl. Achyaniot אַחְיָנִיּוֹת,ach-ya-NEET — nephew + the feminine -it ending.,הָאַחְיָנִית שֶׁלִּי לוֹמֶדֶת בָּלֶט.,Ha-achyanit sheli lomedet balet.,My niece studies ballet.,Nouns · Family,30
Grandson,נֶכֶד,Neched,pl. Nechadim נְכָדִים,"NEH-ched — say ""NEXT generation"" — the neched is next in line.",סָבְתָא מְפַנֶּקֶת אֶת הַנֶּכֶד.,Savta mefaneket et ha-neched.,Grandma spoils her grandson.,Nouns · Family,30
Granddaughter,נֶכְדָּה,Nechda,pl. Nechadot נְכָדוֹת,NECH-da — neched + the feminine -a.,הַנֶּכְדָּה שֶׁלּוֹ בַּת שָׁלוֹשׁ.,Ha-nechda shelo bat shalosh.,His granddaughter is three years old.,Nouns · Family,30
Great-grandson,נִין,Nin,pl. Ninim נִינִים,"NEEN — one generation further than neched, and one syllable shorter. Easy pair to remember together.",יֵשׁ לוֹ שְׁלוֹשָׁה נִינִים.,Yesh lo shlosha ninim.,He has three great-grandsons.,Nouns · Family,30
Great-granddaughter,נִינָה,Nina,pl. Ninot נִינוֹת,"nee-NA — nin + -a, exactly like neched/nechda.",הַנִּינָה שֶׁלָּהּ נוֹלְדָה אֶתְמוֹל.,Ha-nina shela nolda etmol.,Her great-granddaughter was born yesterday.,Nouns · Family,30
Sad,עָצוּב / עֲצוּבָה,Atzuv / Atzuva,pl. Atzuvim / Atzuvot עֲצוּבִים / עֲצוּבוֹת,"a-TSOOV — from etzev, sorrow. ""A-TSOOB"" — a sad, drooping sound.",הוּא עָצוּב כִּי הֶחָבֵר שֶׁלּוֹ עָזַב.,Hu atzuv ki ha-chaver shelo azav.,He's sad because his friend left.,Adjectives · Emotions,31
Angry,כּוֹעֵס / כּוֹעֶסֶת,Ko'es / Ko'eset,pl. Ko'asim / Ko'asot כּוֹעֲסִים / כּוֹעֲסוֹת,"ko-ES — it even sounds like a cross ""KO-ess!"" Ka'as = anger.","אַל תִּכְעַס עָלַי, זֶה הָיָה טָעוּת.","Al tich'as alai, ze haya ta'ut.","Don't be angry at me, it was a mistake.",Adjectives · Emotions,31
Upset / irritated,רוֹגֵז / רוֹגֶזֶת,Rogez / Rogezet,pl. Rogzim / Rogzot רוֹגְזִים / רוֹגְזוֹת,"ro-GEZ — a milder, sulkier version of ko'es. ""Be-rogez"" means two people aren't speaking to each other.",הֵם בְּרוֹגֶז מִשָּׁבוּעַ שֶׁעָבַר.,Hem be-rogez mi-shavua she-avar.,They've been on bad terms since last week.,Adjectives · Emotions,31
Depressed,דִּכָּאוֹנִי / דִּכָּאוֹנִית,Dika'oni / Dika'onit,pl. Dika'oniim / Dika'oniyot דִּכָּאוֹנִיִּים / דִּכָּאוֹנִיּוֹת,"di-ka-o-NEE — from dika'on, depression, from a root meaning ""crushed down"". Think ""DECK-a-own"" — pressed to the deck.",מֶזֶג הָאֲוִיר הָאָפֹר דִּכָּאוֹנִי.,Ha-mezeg avir ha-afor dika'oni.,The grey weather is depressing.,Adjectives · Emotions,31
Frustrated,מְתֻסְכָּל / מְתֻסְכֶּלֶת,Metuskal / Metuskelet,pl. Metuskalim / Metuskalot מְתֻסְכָּלִים / מְתֻסְכָּלוֹת,"me-tus-KAL — from tiskul, frustration. Say ""me-too-SCOLD"" — the feeling of being blocked at every turn.",אֲנִי מְתֻסְכֶּלֶת מֵהָעֲבוֹדָה הַזֹּאת.,Ani metuskelet me-ha-avoda ha-zo.,I'm frustrated with this job.,Adjectives · Emotions,31
Guest,אוֹרֵחַ / אוֹרַחַת,Oreach / Orachat,pl. Orchim / Orchot אוֹרְחִים / אוֹרְחוֹת,o-RE-ach — from orach (a way/path): a guest is someone traveling your way. Hachnasat orchim = hospitality.,הָאוֹרְחִים מַגִּיעִים בְּשֵׁשׁ.,Ha-orchim magi'im be-shesh.,The guests arrive at six.,Nouns · People,32
Pair / couple,זוּג,Zug,pl. Zugot זוּגוֹת,"ZOOG — think ""ZOO-G"": animals boarded the ark two by two. Ben zug / bat zug = partner (male / female).",קָנִיתִי זוּג גַּרְבַּיִם חָדָשׁ.,Kaniti zug garbayim chadash.,I bought a new pair of socks.,Nouns · People,32
Immigrant (to Israel),עוֹלֶה / עוֹלָה,Oleh / Olah,pl. Olim / Olot עוֹלִים / עוֹלוֹת,"o-LEH — from la'alot, ""to go up"". Moving to Israel is aliyah — an ascent — so an immigrant is one who ""goes up"".",הָעוֹלִים הַחֲדָשִׁים לוֹמְדִים עִבְרִית בְּאֻלְפָּן.,Ha-olim ha-chadashim lomdim ivrit be-ulpan.,The new immigrants study Hebrew at an ulpan.,Nouns · People,32
Idiot / fool,טֶמְבֶּל / טֶמְבֶּלֶת,Tembel / Tembelet,pl. Tembelim / Tembelot טֶמְבְּלִים / טֶמְבְּלוֹת,"TEM-bel — a TUMBLE-brain. The classic Israeli sun hat is even called a kova tembel, an ""idiot's hat"".","אַל תִּהְיֶה טֶמְבֶּל, קַח מִטְרִיָּה.","Al tihiye tembel, kach mitria.","Don't be an idiot, take an umbrella.",Nouns · People,32
Soldier,חַיָּל / חַיֶּלֶת,Chayal / Chayelet,pl. Chayalim / Chayalot חַיָּלִים / חַיָּלוֹת,"cha-YAL — from chayil, ""strength/valor"". Eshet chayil = ""a woman of valor"".",הַחַיֶּלֶת חוֹזֶרֶת הַבַּיְתָה לְשַׁבָּת.,Ha-chayelet chozeret ha-baita le-shabbat.,The female soldier comes home for Shabbat.,Nouns · People,32
To think,חוֹשֵׁב / חוֹשֶׁבֶת,Choshev / Choshevet,inf. Lach-shov לַחְשׁוֹב,"cho-SHEV — a machshev is a computer, the thinking machine. Same root: ch-sh-v.",אֲנִי חוֹשֶׁבֶת שֶׁזֶּה רַעְיוֹן טוֹב.,Ani choshevet she-ze ra'ayon tov.,I think it's a good idea.,Verbs · Mind,33
To know (a fact),יוֹדֵעַ / יוֹדַעַת,Yodea / Yodaat,inf. La-daat לָדַעַת,"yo-DEH-a — ""Yo, DAY-a — do you know what day it is?"" Use for facts and information.",אֲנִי לֹא יוֹדֵעַ אֵיפֹה הַמַּפְתֵּחַ.,Ani lo yodea eifo ha-mafteach.,I don't know where the key is.,Verbs · Mind,33
To know (a person) / to be familiar with,מַכִּיר / מַכִּירָה,Makir / Makira,inf. Le-hakir לְהַכִּיר,"ma-KEER — ""my DEAR"" — the people you know dearly. Never use yodea for people.",אַתְּ מַכִּירָה אֶת הַשְּׁכֵנָה הַחֲדָשָׁה?,At makira et ha-shchena ha-chadasha?,Do you know the new neighbor?,Verbs · Mind,33
To understand,מֵבִין / מְבִינָה,Mevin / Mevina,inf. Le-havin לְהָבִין,"meh-VEEN — ""Me? BEEN there, so I understand.""",אֲנִי מְבִינָה אֶת הַמִּלָּה אֲבָל לֹא אֶת הַמִּשְׁפָּט.,Ani mevina et ha-mila aval lo et ha-mishpat.,I understand the word but not the sentence.,Verbs · Mind,33
To remember,זוֹכֵר / זוֹכֶרֶת,Zocher / Zocheret,inf. Liz-kor לִזְכּוֹר,"zo-CHER — ""Yizkor"" is the memorial prayer: remember. Think of a ZOO you'll never forget.",אַתָּה זוֹכֵר אֶת הַשֵּׁם שֶׁלָּהּ?,Ata zocher et ha-shem shela?,Do you remember her name?,Verbs · Mind,33
Doctor,רוֹפֵא / רוֹפְאָה,Rofe / Rofa,pl. Rofim / Rofot רוֹפְאִים / רוֹפְאוֹת,"ro-FEH — think of a doctor who says ""ro-FEH, you'll be fine."" Refua = medicine; refua shlema = ""get well soon"".",הָרוֹפְאָה בּוֹדֶקֶת אֶת הַחוֹלֶה.,Ha-rofa bodeket et ha-choleh.,The doctor examines the patient.,Nouns · Professions,36
Dentist,רוֹפֵא / רוֹפְאַת שִׁנַּיִם,Rofe / Rofat shinayim,pl. Rofei / Rofot shinayim רוֹפְאֵי / רוֹפְאוֹת שִׁנַּיִם,"Literally ""teeth doctor"" — Hebrew builds compound jobs by stacking nouns. Shen (tooth) → shinayim.",אֲנִי הוֹלֵךְ לְרוֹפֵא שִׁנַּיִם פַּעֲמַיִם בַּשָּׁנָה.,Ani holech le-rofe shinayim pa'amayim ba-shana.,I go to the dentist twice a year.,Nouns · Professions,36
Psychologist,פְּסִיכוֹלוֹג / פְּסִיכוֹלוֹגִית,Psicholog / Psichologit,pl. Psichologim פְּסִיכוֹלוֹגִים,Straight from English — just add the -it for the feminine. Hebrew borrows freely for modern professions.,הִיא פְּסִיכוֹלוֹגִית לִילָדִים.,Hi psichologit le-yeladim.,She's a children's psychologist.,Nouns · Professions,36
Therapist / caregiver,מְטַפֵּל / מְטַפֶּלֶת,Metapel / Metapelet,pl. Metaplim / Metaplot מְטַפְּלִים / מְטַפְּלוֹת,"me-ta-PEL — from letapel be-, ""to take care of"". A metapelet is also a nanny.",הַמְּטַפֶּלֶת בָּאָה כָּל בֹּקֶר.,Ha-metapelet ba'a kol boker.,The caregiver comes every morning.,Nouns · Professions,36
Social worker,עוֹבֵד / עוֹבֶדֶת סוֹצְיָאלִית,Oved / Ovedet sotzialit,pl. Ovdim / Ovdot sotzialiyot עוֹבְדִים / עוֹבְדוֹת סוֹצְיָאלִיּוֹת,"oved = worker (from la'avod, to work) + sotzialit. Literally ""social worker"", word for word.",הָעוֹבֶדֶת הַסּוֹצְיָאלִית עוֹזֶרֶת לַמִּשְׁפָּחָה.,Ha-ovedet ha-sotzialit ozeret la-mishpacha.,The social worker helps the family.,Nouns · Professions,36
When? (question),מָתַי,Matai,,"ma-TAI — ""ma"" starts most Hebrew question words: ma (what), matai (when), madua (why). Learn them as a family.",מָתַי אַתָּה מַגִּיעַ?,Matai ata magia?,When are you arriving?,Connectors · Questions,37
When… (in a statement),כְּשֶׁ־,Kshe- (+ pronoun),,kshe- glues onto the front of the next word. Matai is only for questions; kshe- is for everything else. This trips up every learner — keep them apart.,"כְּשֶׁהוּא בָּא, נֹאכַל.","Kshe-hu ba, nochal.","When he comes, we'll eat.",Connectors · Questions,37
When I…,כְּשֶׁאֲנִי,Ksheani,,"kshe- + ani, written as one word. Same for ksheata, ksheat, kshehu, kshehi.","כְּשֶׁאֲנִי עֲיֵפָה, אֲנִי לֹא מְדַבֶּרֶת טוֹב.","Ksheani ayefa, ani lo medaberet tov.","When I'm tired, I don't speak well.",Connectors · Questions,37
When there is / when I have,כְּשֶׁיֵּשׁ,Kshe-yesh,,"kshe- + yesh (there is). Yesh li = I have; so kshe-yesh li = ""when I have"".","כְּשֶׁיֵּשׁ לִי זְמַן, אֲנִי קוֹרֵא.","Kshe-yesh li zman, ani kore.","When I have time, I read.",Connectors · Questions,37
Which / what kind of,אֵיזֶה / אֵיזוֹ,Eize / Eizo,pl. Eilu אֵילוּ,"EI-zeh — also used for exclamations: ""Eize yofi!"" = ""How lovely!"" Eize for masculine, eizo for feminine.",אֵיזֶה סֵפֶר אַתְּ קוֹרֵאת?,Eize sefer at koret?,Which book are you reading?,Connectors · Questions,37
While / at the time that,בִּזְמַן שֶׁ־,Bizman she-,,"be- (in) + zman (time) + she- (that). Literally ""in the time that"". Hebrew builds connectors by stacking little pieces like this.","בִּזְמַן שֶׁהִיא מְבַשֶּׁלֶת, אֲנִי מְסַדֵּר.","Bizman she-hi mevashelet, ani mesader.","While she cooks, I tidy up.",Connectors · Questions,37
Lawyer,עוֹרֵךְ דִּין / עוֹרֶכֶת דִּין,Orech din / Orechet din,pl. Orchei din / Orchot din עוֹרְכֵי דִּין / עוֹרְכוֹת דִּין,"orech = editor/arranger, din = law. A lawyer is literally ""an arranger of the law"".",עוֹרֶכֶת הַדִּין קוֹרֵאת אֶת הַחוֹזֶה.,Ha-orechet din kor'et et ha-chozeh.,The lawyer reads the contract.,Nouns · Professions,38
Judge,שׁוֹפֵט / שׁוֹפֶטֶת,Shofet / Shofetet,pl. Shoftim שׁוֹפְטִים,sho-FET — the biblical Book of Judges is Shoftim. Also the referee in a soccer match.,הַשּׁוֹפֵט מְקַבֵּל הַחְלָטָה.,Ha-shofet mekabel hachlata.,The judge makes a decision.,Nouns · Professions,38
Police officer,שׁוֹטֵר / שׁוֹטֶרֶת,Shoter / Shoteret,pl. Shotrim שׁוֹטְרִים,sho-TER — a shoter will give you a TICKET. Mishtara = the police force.,הַשּׁוֹטֵר עוֹצֵר אֶת הַמְּכוֹנִית.,Ha-shoter otzer et ha-mechonit.,The police officer stops the car.,Nouns · Professions,38
Officer (military),קָצִין / קְצִינָה,Katzin / Ktzina,pl. Katzinim / Ktzinot קָצִינִים / קְצִינוֹת,ka-TSEEN — an officer is KEEN and in command. One rung above the chayal.,הַקָּצִין מְדַבֵּר עִם הַחַיָּלִים.,Ha-katzin medaber im ha-chayalim.,The officer speaks with the soldiers.,Nouns · Professions,38
Guard / watchman,שׁוֹמֵר / שׁוֹמֶרֶת,Shomer / Shomeret,pl. Shomrim / Shomrot שׁוֹמְרִים / שׁוֹמְרוֹת,"Exactly the verb lishmor turned into a person — Hebrew makes job titles this way constantly (kotev → writer, shomer → guard).",הַשּׁוֹמֵר עוֹמֵד לִפְנֵי הַבִּנְיָן.,Ha-shomer omed lifnei ha-binyan.,The guard stands in front of the building.,Nouns · Professions,38
To forget,שׁוֹכֵחַ / שׁוֹכַחַת,Shocheach / Shochachat,inf. Lish-koach לִשְׁכּוֹחַ,"sho-KHE-ach — you forgot, so you SHRUG and say ""ach!"" The opposite twin of zocher.",אֲנִי תָּמִיד שׁוֹכַחַת אֶת הַמִּשְׁקָפַיִם.,Ani tamid shochachat et ha-mishkafayim.,I always forget my glasses.,Verbs · Mind,39
To believe,מַאֲמִין / מַאֲמִינָה,Maamin / Maamina,inf. Le-haamin לְהַאֲמִין,ma-a-MEEN — say AMEN and you're a maamin. Literally the same root: a-m-n.,אֲנִי לֹא מַאֲמִין לַסִּפּוּר הַזֶּה.,Ani lo maamin la-sipur ha-ze.,I don't believe this story.,Verbs · Mind,39
To hope,מְקַוֶּה / מְקַוָּה,Mekaveh / Mekava,inf. Le-kavot לְקַוּוֹת,"me-ka-VEH — same root as Ha-Tikva, ""the hope"", Israel's anthem. Ani mekaveh = ""hopefully"", said constantly.",אֲנִי מְקַוָּה שֶׁמָּחָר יִהְיֶה חַם.,Ani mekava she-machar yihiyeh cham.,I hope tomorrow will be warm.,Verbs · Mind,39
To consider / to weigh,שׁוֹקֵל / שׁוֹקֶלֶת,Shokel / Shokelet,inf. Lish-kol לִשְׁקוֹל,"SHO-kel — the shekel was originally a WEIGHT. To consider is to weigh options — same word, same coin.",אֲנַחְנוּ שׁוֹקְלִים לַעֲבוֹר לְעִיר אַחֶרֶת.,Anachnu shoklim laavor le-ir acheret.,We're considering moving to another city.,Verbs · Mind,39
To calculate,מְחַשֵּׁב / מְחַשֶּׁבֶת,Mechashev / Mechashevet,inf. Le-chashev לְחַשֵּׁב,me-cha-SHEV — one letter from choshev (thinks). Machshev = computer = the calculating machine.,הוּא מְחַשֵּׁב כַּמָּה זֶה יַעֲלֶה.,Hu mechashev kama ze ya'ale.,He's calculating how much it will cost.,Verbs · Mind,39
Architect,אַדְרִיכָל / אַדְרִיכָלִית,Adrichal / Adrichalit,pl. Adrichalim / Adrichaliot אַדְרִיכָלִים / אַדְרִיכָלִיּוֹת,"ad-ri-CHAL — a long, grand word for a person who designs grand things. Adrichalut = architecture.",הָאַדְרִיכָלִית מְצַיֶּרֶת אֶת הַבִּנְיָן.,Ha-adrichalit metzayeret et ha-binyan.,The architect draws the building.,Nouns · Professions,40
Engineer,מְהַנְדֵּס / מְהַנְדֶּסֶת,Mehandes / Mehandeset,pl. Mehandesim / Mehandesot מְהַנְדְּסִים / מְהַנְדְּסוֹת,"me-han-DES — think ""my HANDS"" — the person who builds with precision. Handasa = engineering (and geometry).",הַמְּהַנְדֵּס עוֹבֵד עַל גֶּשֶׁר חָדָשׁ.,Ha-mehandes oved al gesher chadash.,The engineer works on a new bridge.,Nouns · Professions,40
Farmer,חַקְלַאי / חַקְלָאִית,Chaklai / Chaklait,pl. Chaklaim / Chaklaiot חַקְלָאִים / חַקְלָאִיּוֹת,"chak-LAI — from chakla, an Aramaic word for field. Chakla'ut = agriculture, a proud Israeli word.",הַחַקְלַאי מְגַדֵּל עַגְבָנִיּוֹת.,Ha-chaklai megadel agvaniot.,The farmer grows tomatoes.,Nouns · Professions,40
Cook / chef,טַבָּח / טַבָּחִית,Tabach / Tabachit,pl. Tabachim טַבָּחִים,ta-BACH — a chef who cooks up a BATCH. Mitbach (kitchen) is the same root: t-b-ch.,הַטַּבָּח מְבַשֵּׁל בַּמִּטְבָּח.,Ha-tabach mevashel ba-mitbach.,The cook cooks in the kitchen.,Nouns · Professions,40
Waiter,מֶלְצַר / מֶלְצָרִית,Meltzar / Meltzarit,pl. Meltzarim מֶלְצָרִים,"MEL-tsar — the waiter is the little ""TSAR"" of your table, bringing the MEAL.",הַמֶּלְצַר מֵבִיא אֶת הַתַּפְרִיט.,Ha-meltzar mevi et ha-tafrit.,The waiter brings the menu.,Nouns · Professions,40
Anxious,חָרֵד / חֲרֵדָה,Chared / Chareda,pl. Charedim / Charedot חֲרֵדִים / חֲרֵדוֹת,"cha-RED — literally ""trembling"". The ultra-Orthodox are called Charedim, ""those who tremble before God"".",אֲנִי חֲרֵדָה לִפְנֵי הַבְּחִינָה.,Ani chareda lifnei ha-bechina.,I'm anxious before the exam.,Adjectives · Emotions,43
Scared / frightened,מְפֻחָד / מְפֻחֶדֶת,Mefuchad / Mefuchedet,pl. Mefuchadim / Mefuchadot מְפֻחָדִים / מְפֻחָדוֹת,"me-fu-CHAD — from pachad, fear. ""Eize pachad!"" = ""How scary!""",הַיֶּלֶד מְפֻחָד מֵהַחֹשֶׁךְ.,Ha-yeled mefuchad me-ha-choshech.,The boy is scared of the dark.,Adjectives · Emotions,43
Confusing,מְבַלְבֵּל / מְבַלְבֶּלֶת,Mevalbel / Mevalbelet,pl. Mevalbelim / Mevalbelot מְבַלְבְּלִים / מְבַלְבְּלוֹת,"me-val-BEL — from bilbul, and back to the Tower of Babel. The word itself is a tongue-tangle.",הַדִּקְדּוּק הַזֶּה מְבַלְבֵּל אוֹתִי.,Ha-dikduk ha-ze mevalbel oti.,This grammar confuses me.,Adjectives · Emotions,43
Crazy,מְשֻׁגָּע / מְשֻׁגַּעַת,Meshuga / Meshuga'at,pl. Meshuga'im / Meshuga'ot מְשֻׁגָּעִים / מְשֻׁגָּעוֹת,"me-shu-GA — the Yiddish ""meshugge"" came straight from here. ""Ata meshuga?!"" is heard hourly in Israel.",אַתָּה מְשֻׁגָּע? זֶה יָקָר מִדַּי!,Ata meshuga? Ze yakar mid'i!,Are you crazy? That's too expensive!,Adjectives · Emotions,43
Strange / weird,מוּזָר / מוּזָרָה,Muzar / Muzara,pl. Muzarim / Muzarot מוּזָרִים / מוּזָרוֹת,"mu-ZAR — from zar, ""a stranger/foreign"". Something muzar is strange-ified.",יֵשׁ רֵיחַ מוּזָר בַּמִּטְבָּח.,Yesh reach muzar ba-mitbach.,There's a strange smell in the kitchen.,Adjectives · Emotions,43
Artist,אָמָּן / אָמָּנִית,Oman / Omanit,pl. Omanim / Omaniot אָמָּנִים / אָמָּנִיּוֹת,o-MAN — an artist is a craftsMAN. Omanut = art.,הָאָמָּנִית מוֹצֵאת הַשְׁרָאָה בַּטֶּבַע.,Ha-omanit motzet hashra'a ba-teva.,The artist finds inspiration in nature.,Nouns · Professions,44
Painter,צַיָּר / צַיֶּרֶת,Tzayar / Tzayeret,pl. Tzayarim / Tzayarot צַיָּרִים / צַיָּרוֹת,tsa-YAR — from tzeva (color) and tziur (a drawing). A tzayar makes tziurim.,הַצַּיָּר מְצַיֵּר תְּמוּנָה גְּדוֹלָה.,Ha-tzayar mezayer tmuna gdola.,The painter paints a big picture.,Nouns · Professions,44
Writer / author,סוֹפֵר / סוֹפֶרֶת,Sofer / Soferet,pl. Sofrim / Sofrot סוֹפְרִים / סוֹפְרוֹת,so-FER — same root as sefer (book) and sipur (story). A sofer is also the scribe who writes a Torah scroll.,הַסּוֹפֶרֶת כּוֹתֶבֶת סֵפֶר חָדָשׁ.,Ha-soferet kotevet sefer chadash.,The writer is writing a new book.,Nouns · Professions,44
Musician,מוּזִיקַאי / מוּזִיקָאִית,Muzikai / Muzikait,pl. Muzikaim / Muzikaiot מוּזִיקָאִים / מוּזִיקָאִיּוֹת,"Borrowed word + the Hebrew -ai ending that marks a practitioner (chaklai, bamai, muzikai).",הַמּוּזִיקַאי מְנַגֵּן כָּל עֶרֶב בַּבָּר.,Ha-muzikai menagen kol erev ba-bar.,The musician plays every evening at the bar.,Nouns · Professions,44
Director (film / theatre),בַּמַּאי / בַּמָּאִית,Bamai / Bamait,pl. Bamaim / Bamaiyot בַּמָּאִים / בַּמָּאִיּוֹת,"ba-MAI — from bama, ""a stage"". The bamai is the one who runs the stage.",הַבַּמַּאי מַסְבִּיר לַשַּׂחְקָנִים מָה לַעֲשׂוֹת.,Ha-bamai mesaber la-sachkanim ma laasot.,The director explains to the actors what to do.,Nouns · Professions,44
To learn / to study,לוֹמֵד / לוֹמֶדֶת,Lomed / Lomedet,inf. Lil-mod לִלְמוֹד,"LO-med — you're LOADING your brain, heading for MED school. Talmid (student) is the same root.",אֲנִי לוֹמֶדֶת עִבְרִית כָּל יוֹם.,Ani lomedet ivrit kol yom.,I study Hebrew every day.,Verbs · Learning,45
To teach,מְלַמֵּד / מְלַמֶּדֶת,Melamed / Melamedet,inf. Le-lamed לְלַמֵּד,"me-la-MED — learn is lomed, teach is melamed: add the me- and you're causing someone else to learn.",הַמּוֹרֶה מְלַמֵּד מָתֵמָטִיקָה.,Ha-more melamed matematika.,The teacher teaches math.,Verbs · Learning,45
To read,קוֹרֵא / קוֹרֵאת,Kore / Koret,inf. Li-kro לִקְרוֹא,"ko-REH — the Koran and the Mikra (Hebrew Bible) both mean ""the reading/recitation"". Kore also means ""calls out"".",הִיא קוֹרֵאת סֵפֶר חָדָשׁ כָּל שָׁבוּעַ.,Hi koret sefer chadash kol shavua.,She reads a new book every week.,Verbs · Learning,45
To write,כּוֹתֵב / כּוֹתֶבֶת,Kotev / Kotevet,inf. Lich-tov לִכְתּוֹב,"ko-TEV — think ""quote-ev"": writing down a quote. Michtav (letter) and ketovet (address) share the root.",אֲנִי כּוֹתֵב מִכְתָּב לַסָּבְתָא שֶׁלִּי.,Ani kotev michtav la-savta sheli.,I'm writing a letter to my grandmother.,Verbs · Learning,45
To repeat / to go over again,חוֹזֵר / חוֹזֶרֶת,Chozer / Chozeret,inf. Lach-zor לַחֲזוֹר,"Same verb as ""return"" — in Hebrew, to review is literally to go BACK over the material. Lachzor al ha-chomer = to review.",אֲנִי חוֹזֶרֶת עַל הַמִּלִּים הַיּוֹם.,Ani chozeret al ha-milim ha-yom.,I'm reviewing the words today.,Verbs · Learning,45
Pianist,פְּסַנְתְּרָן / פְּסַנְתְּרָנִית,Psantran / Psantranit,pl. Psantranim / Psantraniyot פְּסַנְתְּרָנִים / פְּסַנְתְּרָנִיּוֹת,psan-TRAN — from psanter (piano) + the -an ending for a doer. Same pattern as kanar (violinist).,הַפְּסַנְתְּרָנִית מְנַגֶּנֶת בְּקוֹנְצֶרְט.,Ha-psantranit menagenet be-kontzert.,The pianist plays in a concert.,Nouns · Professions,46
Violinist,כַּנָּר / כַּנָּרִית,Kanar / Kanarit,pl. Kanarim / Kanariyot כַּנָּרִים / כַּנָּרִיּוֹת,"ka-NAR — from kinor, the violin (and King David's harp was a kinor). ""Fiddler on the Roof"" is Kanar al ha-Gag.",הַכַּנָּר מְנַגֵּן בְּתִזְמֹרֶת.,Ha-kanar menagen be-tizmoret.,The violinist plays in an orchestra.,Nouns · Professions,46
Model,דֻּגְמָן / דֻּגְמָנִית,Dugman / Dugmanit,pl. Dugmanim / Dugmaniyot דֻּגְמָנִים / דֻּגְמָנִיּוֹת,"dug-MAN — from dugma, ""an example"". A model is literally a walking example.",הַדֻּגְמָנִית לוֹבֶשֶׁת בְּגָדִים חֲדָשִׁים.,Ha-dugmanit lovehet begadim chadashim.,The model wears new clothes.,Nouns · Professions,46
Winner / conductor,מְנַצֵּחַ / מְנַצַּחַת,Menatzeach / Menatzachat,pl. Menatzchim / Menatzchot מְנַצְּחִים / מְנַצְּחוֹת,"me-na-TSE-ach — nitzachon = victory. The orchestra conductor ""conquers"" the music — same word for both.",הַמְּנַצֵּחַ עַל הַתִּזְמֹרֶת מְעוּלֶה.,Ha-menatzeach al ha-tizmoret me'ule.,The conductor of the orchestra is excellent.,Nouns · Professions,46
Driver,נַהָג / נַהֶגֶת,Nahag / Nahaget,pl. Nahagim נַהָגִים,"na-HAG — from linhog, to drive. ""Na-HAG"" — he HUGS the wheel.",הַנַּהָג שֶׁל הָאוֹטוֹבּוּס נֶחְמָד.,Ha-nahag shel ha-otobus nechmad.,The bus driver is nice.,Nouns · Professions,46
Profession / subject,מִקְצוֹעַ,Miktzoa,pl. Miktzo-ot מִקְצוֹעוֹת,"mik-TSO-a — your profession is your ""slice"" of the world (from ketza, an edge/section). Also a school subject.",מָה הַמִּקְצוֹעַ שֶׁלָּךְ?,Ma ha-miktzoa shelach?,What's your profession?,Nouns · Work,47
Internship / specialization,הִתְמַחוּת,Hitmachut,pl. Hitmachuyot הִתְמַחֻיּוֹת,"hit-ma-CHOOT — from mumche, an expert. The hit- start means it's something you do to yourself: you make yourself an expert.",הַהִתְמַחוּת שֶׁלּוֹ בְּבֵית חוֹלִים.,Ha-hitmachut shelo ba-beit cholim.,His internship is at a hospital.,Nouns · Work,47
Team / staff,צֶוֶת,Tzevet,pl. Tzvatim צְוָתִים,"TSEH-vet — a tight crew. Related to tzav, an order/command — a team under orders.",הַצֶּוֶת עוֹבֵד יַחַד כָּל יוֹם.,Ha-tzevet oved yachad kol yom.,The team works together every day.,Nouns · Work,47
Volunteer,מִתְנַדֵּב / מִתְנַדֶּבֶת,Mitnadev / Mitnadevet,pl. Mitnadvim / Mitnadvot מִתְנַדְּבִים / מִתְנַדְּבוֹת,"mit-na-DEV — from nedava, a donation. The mit- prefix again: you give of yourself.",הַמִּתְנַדְּבִים עוֹזְרִים בַּקְּהִלָּה.,Ha-mitnadvim ozrim ba-kehila.,The volunteers help in the community.,Nouns · Work,47
Secretary,מַזְכִּיר / מַזְכִּירָה,Mazkir / Mazkira,pl. Mazkirim / Mazkirot מַזְכִּירִים / מַזְכִּירוֹת,maz-KEER — from lizkor (to remember): the secretary is the one who makes you remember. Same root: z-k-r.,הַמַּזְכִּירָה קוֹבַעַת אֶת הַפְּגִישׁוֹת.,Ha-mazkira koveaat et ha-pgishot.,The secretary schedules the meetings.,Nouns · Work,47
To eat,אוֹכֵל / אוֹכֶלֶת,Ochel / Ochelet,inf. Le-e-chol לֶאֱכוֹל,"OH-chel — ""Oh, KALE!"" Ochel is also the noun ""food"".",אֲנַחְנוּ אוֹכְלִים אֲרוּחָה גְּדוֹלָה בָּעֶרֶב.,Anachnu ochlim arucha gdola ba-erev.,We eat a big meal in the evening.,Verbs · Food,50
To drink,שׁוֹתֶה / שׁוֹתָה,Shote / Shota,inf. Lish-tot לִשְׁתּוֹת,SHO-teh — a SHOT of something to drink.,הוּא שׁוֹתֶה קָפֶה עִם חָלָב.,Hu shote kafe im chalav.,He drinks coffee with milk.,Verbs · Food,50
To cook,מְבַשֵּׁל / מְבַשֶּׁלֶת,Mevashel / Mevashelet,inf. Le-vashel לְבַשֵּׁל,me-va-SHEL — cooking in a big SHELL/pot. Tavshil = a cooked dish.,אַבָּא מְבַשֵּׁל מָרָק יְרָקוֹת.,Aba mevashel marak yerakot.,Dad is cooking vegetable soup.,Verbs · Food,50
To bake,אוֹפֶה / אוֹפָה,Ofe / Ofa,inf. Le-e-fot לֶאֱפוֹת,"OH-feh — ""Oh, fa-fa, it's hot!"" An ofe is also the noun ""baker"".",אֲנִי אוֹפָה עוּגָה לְיוֹם הֻלֶּדֶת.,Ani ofa uga le-yom huledet.,I'm baking a cake for a birthday.,Verbs · Food,50
To taste,טוֹעֵם / טוֹעֶמֶת,Toem / Toemet,inf. Lit-om לִטְעוֹם,"to-EM — you taste and say ""mmm, TOO YUM."" Ta'im = tasty.","תִּטְעֲמִי אֶת הָרוֹטֶב, הוּא מְצֻיָּן.","Tit'ami et ha-rotev, hu metzuyan.","Taste the sauce, it's excellent.",Verbs · Food,50
Hungry,רָעֵב / רְעֵבָה,Ra'ev / Re'eva,pl. Re'evim / Re'evot רְעֵבִים / רְעֵבוֹת,ra-EV — a hungry RAVEN. Ra'av = famine.,"אֲנִי רָעֵב, בּוֹא נֹאכַל מַשֶּׁהוּ.","Ani ra'ev, bo nochal mashehu.","I'm hungry, let's eat something.",Adjectives · Body states,51
Thirsty,צָמֵא / צְמֵאָה,Tzame / Tzme'a,pl. Tzme'im / Tzme'ot צְמֵאִים / צְמֵאוֹת,"tsa-MEH — your throat is ""tsa-MEH-parched"". Learn it as the pair to ra'ev; they rhyme in structure.",הַיְּלָדִים צְמֵאִים אַחֲרֵי הַמִּשְׂחָק.,Ha-yeladim tzme'im achrei ha-mischak.,The children are thirsty after the game.,Adjectives · Body states,51
Tired,עָיֵף / עֲיֵפָה,Ayef / Ayefa,pl. Ayefim / Ayefot עֲיֵפִים / עֲיֵפוֹת,"a-YEF — a tired sigh: ""ai-YEF…"" Remember: with no verb ""to be"", ""I'm tired"" is just Ani ayef.","אֲנִי עֲיֵפָה, אֲנִי הוֹלֶכֶת לִישֹׁן.","Ani ayefa, ani holechet lishon.","I'm tired, I'm going to sleep.",Adjectives · Body states,51
Sick / ill,חוֹלֶה / חוֹלָה,Choleh / Chola,pl. Cholim / Cholot חוֹלִים / חוֹלוֹת,"CHO-leh — beit cholim, ""house of the sick"", is a hospital. A choleh is also ""a patient"".","הַיַּלְדָּה חוֹלָה, הִיא לֹא הָלְכָה לְבֵית סֵפֶר.","Ha-yalda chola, hi lo halcha le-beit sefer.","The girl is sick, she didn't go to school.",Adjectives · Body states,51
Healthy,בָּרִיא / בְּרִיאָה,Bari / Bri'a,pl. Bri'im / Bri'ot בְּרִיאִים / בְּרִיאוֹת,"ba-REE — ""Be well!"" is Titbari! Bri'ut = health, and it's what you say when someone sneezes.",אֹכֶל בָּרִיא חָשׁוּב לַגּוּף.,Ochel bari chashuv la-guf.,Healthy food is important for the body.,Adjectives · Body states,51
Clothing / a garment,בֶּגֶד,Beged,pl. Begadim בְּגָדִים,BEH-ged — you wear a BAGGED item. Usually used in the plural: begadim = clothes.,אֲנִי מְסַדֶּרֶת אֶת הַבְּגָדִים בָּאָרוֹן.,Ani mesaderet et ha-begadim ba-aron.,I'm arranging the clothes in the closet.,Nouns · Clothing,52
Shirt / blouse,חֻלְצָה,Chultza,pl. Chultzot חֻלְצוֹת,"chul-TSA — sounds like ""HOLD-za"" — the thing that holds your torso.",הַחֻלְצָה הַלְּבָנָה מְלוּכְלֶכֶת.,Ha-chultza ha-levana meluchlechet.,The white shirt is dirty.,Nouns · Clothing,52
Pants / trousers,מִכְנָסַיִם,Michnasayim,pl. — (always dual) —,"mich-na-SA-yim — from lehachnis, ""to put in"": pants are what you put your legs INTO. Always dual, like all leg-and-eye words.",הַמִּכְנָסַיִם הָאֵלֶּה קְצָרִים מִדַּי.,Ha-michnasayim ha-eleh ktzarim mid'i.,These pants are too short.,Nouns · Clothing,52
Dress,שִׂמְלָה,Simla,pl. Simlot שִׂמְלוֹת,sim-LA — a dress makes you SMILE-ah. Handy near sameach (happy).,הִיא קוֹנָה שִׂמְלָה לַחֲתוּנָה.,Hi konah simla la-chatuna.,She's buying a dress for the wedding.,Nouns · Clothing,52
Skirt,חֲצָאִית,Chatzait,pl. Chatzaiyot חֲצָאִיּוֹת,"cha-tsa-EET — from chetzi, ""half"": a skirt is half a dress. Perfectly logical.",הַחֲצָאִית אֲרֻכָּה וְצִבְעוֹנִית.,Ha-chatzait aruka ve-tzivonit.,The skirt is long and colorful.,Nouns · Clothing,52
Coat,מְעִיל,Me-il,pl. Me-ilim מְעִילִים,"meh-EEL — a coat SEALS you in against the cold. ""Me-SEAL.""","קַח מְעִיל, קַר בַּחוּץ.","Kach me'il, kar ba-chutz.","Take a coat, it's cold outside.",Nouns · Clothing,53
Suit,חֲלִיפָה,Chalifa,pl. Chalifot חֲלִיפוֹת,"cha-lee-FA — from lehachlif, ""to change/swap"": a suit is your change of clothes for special occasions.",הוּא לוֹבֵשׁ חֲלִיפָה שְׁחוֹרָה לָעֲבוֹדָה.,Hu lovesh chalifa shchora la-avoda.,He wears a black suit to work.,Nouns · Clothing,53
Tie,עֲנִיבָה,Aniva,pl. Anivot עֲנִיבוֹת,"a-nee-VA — from la'anov, to knot. A tie is ""the knotted thing"".",הָעֲנִיבָה שֶׁלּוֹ צִבְעוֹנִית מִדַּי.,Ha-aniva shelo tzivonit mid'i.,His tie is too colorful.,Nouns · Clothing,53
Belt,חֲגוֹרָה,Chagora,pl. Chagorot חֲגוֹרוֹת,cha-go-RA — a belt HUGS you around. Chagorat betichut = a seatbelt.,תַּחְגֹּר חֲגוֹרַת בְּטִיחוּת בַּמְּכוֹנִית.,Tachgor chagorat betichut ba-mechonit.,Fasten your seatbelt in the car.,Nouns · Clothing,53
Pocket,כִּיס,Kis,pl. Kisim כִּיסִים,KEES — you KEEP things in it. Kis also means a bag or a pouch.,הַמַּפְתֵּחַ בַּכִּיס שֶׁל הַמִּכְנָסַיִם.,Ha-mafteach ba-kis shel ha-michnasayim.,The key is in the pants pocket.,Nouns · Clothing,53
Shoe,נַעַל,Na'al,pl. Na'alayim נְעָלַיִם,"NA-al — same root as lin'ol, the verb for wearing shoes. Dual ending because shoes come in twos.",הַנַּעֲלַיִם הַחֲדָשׁוֹת לֹא נוֹחוֹת.,Ha-na'alayim ha-chadashot lo nochot.,The new shoes aren't comfortable.,Nouns · Clothing,54
Boot,מַגָּף,Magaf,pl. Magafayim מַגָּפַיִם,ma-GAF — a boot with a big GAFF/cuff at the top.,בַּחֹרֶף אֲנִי נוֹעֶלֶת מַגָּפַיִם.,Ba-choref ani no'elet magafayim.,In winter I wear boots.,Nouns · Clothing,54
Sock,גֶּרֶב,Gerev,pl. Garbayim גַּרְבַּיִם,"GEH-rev — sounds like ""GRAB"" — grab a pair of socks.",אֵילוּ גַּרְבַּיִם נְקִיִּים יֵשׁ?,Ei-ze garbayim nekiyim yesh?,Which clean socks are there?,Nouns · Clothing,54
Slippers,נַעֲלֵי בַּיִת,Na'alei bayit,pl. Na'alei bayit נַעֲלֵי בַּיִת,"Literally ""house shoes"" — na'alayim + bayit. Hebrew loves these transparent compounds.",אֲנִי נוֹעֵל נַעֲלֵי בַּיִת בָּעֶרֶב.,Ani noel na'alei bayit ba-erev.,I wear slippers in the evening.,Nouns · Clothing,54
Glove,כְּפָפָה,Kfafa,pl. Kfafot כְּפָפוֹת,"kfa-FA — from kaf, the palm of the hand. A glove is ""the palm-thing"".",צָרִיךְ כְּפָפוֹת כְּשֶׁקַּר מְאוֹד.,Tzarich kfafot kshe-kar me'od.,You need gloves when it's very cold.,Nouns · Clothing,54
To get up / to stand up,קָם / קָמָה,Kam / Kama,inf. La-kum לָקוּם,"KAM — ""Come on, get up!"" Kum! is what a parent shouts in the morning.",אֲנִי קָמָה בְּשֵׁשׁ בַּבֹּקֶר.,Ani kama be-shesh ba-boker.,I get up at six in the morning.,Verbs · Daily life,57
To sit,יוֹשֵׁב / יוֹשֶׁבֶת,Yoshev / Yoshevet,inf. La-shevet לָשֶׁבֶת,"yo-SHEV — same root as Shabbat, the day you sit and rest. Also moshav, a place people sit/settle.",אֲנַחְנוּ יוֹשְׁבִים בַּסָּלוֹן וּמְדַבְּרִים.,Anachnu yoshvim ba-salon ve-medabrim.,We sit in the living room and talk.,Verbs · Daily life,57
To stand,עוֹמֵד / עוֹמֶדֶת,Omed / Omedet,inf. La-amod לַעֲמוֹד,"oh-MED — standing like a column: amud means ""pillar"" (and ""page"").",הֵם עוֹמְדִים בַּתּוֹר לַקֻּפָּה.,Hem omdim ba-tor la-kupa.,They're standing in line for the register.,Verbs · Daily life,57
To rest,נָח / נָחָה,Nach / Nacha,inf. La-nuach לָנוּחַ,NACH — Noah (Noach) rested after the flood. Menucha = rest.,אֲנִי נָחָה אַחֲרֵי הָעֲבוֹדָה.,Ani nacha achrei ha-avoda.,I rest after work.,Verbs · Daily life,57
To stay / to remain,נִשְׁאָר / נִשְׁאֶרֶת,Nishar / Nisheret,inf. Le-hishaer לְהִשָּׁאֵר,nish-AR — what's left over is the SHARE that stays behind.,אֲנִי נִשְׁאֶרֶת בַּבַּיִת הָעֶרֶב.,Ani nisheret ba-bayit ha-erev.,I'm staying home this evening.,Verbs · Daily life,57
Hat,כּוֹבַע,Kova,pl. Kova'im כּוֹבָעִים,KO-va — a hat COVERS you. Ko-va / co-ver: close enough to stick.,"תָּשִׂים כּוֹבַע, הַשֶּׁמֶשׁ חֲזָקָה.","Tasim kova, ha-shemesh chazaka.","Put on a hat, the sun is strong.",Nouns · Clothing,58
Scarf,צָעִיף,Tza'if,pl. Tze'ifim צְעִיפִים,"tsa-EEF — it wraps you and you feel SAFE. (Careful: tza'ir = young, one letter apart.)",הַצָּעִיף הָאָדֹם מַתְאִים לַמְּעִיל.,Ha-tza'if ha-adom mit'im la-me'il.,The red scarf matches the coat.,Nouns · Clothing,58
Glasses (to see),מִשְׁקָפַיִם,Mishkafayim,pl. — (always dual) —,"mish-ka-FA-yim — from lehashkif, ""to look out"". Two lenses, so the -ayim dual ending.",אֲנִי לֹא רוֹאֶה כְּלוּם בְּלִי מִשְׁקָפַיִם.,Ani lo ro'eh klum bli mishkafayim.,I can't see anything without glasses.,Nouns · Clothing,58
Sunglasses,מִשְׁקְפֵי שֶׁמֶשׁ,Mishkefei shemesh,pl. — (always dual) —,"Glasses + shemesh (sun). Compound again: ""glasses of sun"".",שָׁכַחְתִּי אֶת מִשְׁקְפֵי הַשֶּׁמֶשׁ בַּמְּכוֹנִית.,Shachachti et mishkefei ha-shemesh ba-mechonit.,I forgot my sunglasses in the car.,Nouns · Clothing,58
Backpack / schoolbag,יַלְקוּט,Yalkut,pl. Yalkutim יַלְקוּטִים,yal-KOOT — a YELLOW KIT on your back. Every Israeli schoolkid carries one.,הַיַּלְקוּט שֶׁל הַיֶּלֶד כָּבֵד מְאוֹד.,Ha-yalkut shel ha-yeled kaved me'od.,The child's backpack is very heavy.,Nouns · Clothing,58
Hot / warm,חַם / חַמָּה,Cham / Chama,pl. Chamim / Chamot חַמִּים / חַמּוֹת,CHAM — chamsin is the hot desert wind. Chamin is the slow-cooked Shabbat stew — the hot dish.,הַקָּפֶה חַם מִדַּי לִשְׁתּוֹת.,Ha-kafe cham mid'i lishtot.,The coffee is too hot to drink.,Adjectives · Qualities,59
Cold,קַר / קָרָה,Kar / Kara,pl. Karim / Karot קָרִים / קָרוֹת,"KAR — a cold CAR in the morning. Kor = the cold; mekarer = fridge, the cold-maker.","קַר בַּחוּץ, קַח מְעִיל.","Kar ba-chutz, kach me'il.","It's cold outside, take a coat.",Adjectives · Qualities,59
Wet,רָטוּב / רְטוּבָה,Ratuv / Retuva,pl. Retuvim / Retuvot רְטוּבִים / רְטוּבוֹת,"ra-TOOV — from the same family as rotev, sauce (the wet stuff). Both from r-t-v.",הַבְּגָדִים עוֹד רְטוּבִים.,Ha-begadim od retuvim.,The clothes are still wet.,Adjectives · Qualities,59
Dry,יָבֵשׁ / יְבֵשָׁה,Yavesh / Yevesha,pl. Yeveshim / Yeveshot יְבֵשִׁים / יְבֵשׁוֹת,"ya-VESH — the dry land God separated from the sea is yabasha. Say ""ya-VESH"" like something crackling dry.",הַלֶּחֶם יָבֵשׁ מֵאֶתְמוֹל.,Ha-lechem yavesh mi-etmol.,The bread is dry from yesterday.,Adjectives · Qualities,59
Bitter,מַר / מָרָה,Mar / Mara,pl. Marim / Marot מָרִים / מָרוֹת,"MAR — the bitter herbs at Passover are maror. Mar is also the polite title ""Mr."" — different word, same sound.",הַקָּפֶה הַזֶּה מַר מְאוֹד.,Ha-kafe ha-ze mar me'od.,This coffee is very bitter.,Adjectives · Qualities,59
Jewelry / an ornament,תַּכְשִׁיט,Tachshit,pl. Tachshitim תַּכְשִׁיטִים,"tach-SHEET — a fancy sheet of metal. Slang bonus: calling a kid a tachshit means ""you little piece of work"".",הִיא קוֹנָה תַּכְשִׁיטִים בַּשּׁוּק.,Hi konah tachshitim ba-shuk.,She buys jewelry at the market.,Nouns · Clothing,60
Ring,טַבַּעַת,Taba'at,pl. Taba'ot טַבָּעוֹת,ta-BA-at — from tova (to sink/stamp) — a signet ring stamps a seal. The Lord of the Rings is Sar Ha-Taba'ot.,הַטַּבַּעַת שֶׁלָּהּ מִזָּהָב.,Ha-taba'at shela me-zahav.,Her ring is made of gold.,Nouns · Clothing,60
Bracelet,צָמִיד,Tzamid,pl. Tzmidim צְמִידִים,"tsa-MEED — from tzamud, ""attached/stuck to"". A bracelet stays attached to your wrist.",קִבַּלְתִּי צָמִיד יָפֶה לְיוֹם הֻלֶּדֶת.,Kibalti tzamid yafe le-yom huledet.,I got a beautiful bracelet for my birthday.,Nouns · Clothing,60
Necklace / chain,שַׁרְשֶׁרֶת,Sharsheret,pl. Sharsharot שַׁרְשָׁרוֹת,shar-SHEH-ret — say it fast and it rattles like links: shar-sheh-ret.,הַשַּׁרְשֶׁרֶת הַזֹּאת עַתִּיקָה.,Ha-sharsheret ha-zo atika.,This necklace is ancient.,Nouns · Clothing,60
Watch / clock,שָׁעוֹן,Shaon,pl. Shaonim שְׁעוֹנִים,"sha-ON — from sha'a (hour). A watch is ""the hour-thing"".",הַשָּׁעוֹן שֶׁלִּי מְאַחֵר בְּחָמֵשׁ דַּקּוֹת.,Ha-shaon sheli me'achar be-chamesh dakot.,My watch is five minutes slow.,Nouns · Clothing,60
Costume,תַּחְפֹּשֶׂת,Tachposet,pl. Tachposot תַּחְפֹּשׂוֹת,tach-PO-set — from lechapes (to search) — a costume makes people search for who you really are. Purim is the tachposet holiday.,הַיְּלָדִים לוֹבְשִׁים תַּחְפֹּשׂוֹת בְּפוּרִים.,Ha-yeladim lovshim tachposot be-Purim.,The children wear costumes on Purim.,Nouns · Clothing,60
To take,לוֹקֵחַ / לוֹקַחַת,Lokeach / Lokachat,inf. La-kachat לָקַחַת,"lo-KE-ach — ""LOW, CATCH it!"" — reach down and take.",אֲנִי לוֹקַחַת אֶת הַיַּלְקוּט שֶׁלִּי.,Ani lokachat et ha-yalkut sheli.,I'm taking my backpack.,Verbs · Hands,61
To give,נוֹתֵן / נוֹתֶנֶת,Noten / Notenet,inf. La-tet לָתֵת,"no-TEN — ""No? TEN, then"" — handing over ten shekels. Matana (gift) is the same root: n-t-n.",הוּא נוֹתֵן לִי מַתָּנָה יָפָה.,Hu noten li matana yafa.,He's giving me a beautiful gift.,Verbs · Hands,61
To bring,מֵבִיא / מְבִיאָה,Mevi / Mevia,inf. Le-havi לְהָבִיא,"meh-VEE — ""Me? V.I.P. — I bring the goods."" Related to la-vo (to come): bringing = causing to come.",אֲנִי מְבִיאָה יַיִן לַמְּסִבָּה.,Ani mevia yayin la-mesiba.,I'm bringing wine to the party.,Verbs · Hands,61
To put / to place,שָׂם / שָׂמָה,Sam / Sama,inf. La-sim לָשִׂים,"SAM — ""Sam, put it down."" Sim lev = ""put heart"" = pay attention.",שִׂים אֶת הַסֵּפֶר עַל הַשֻּׁלְחָן.,Sim et ha-sefer al ha-shulchan.,Put the book on the table.,Verbs · Hands,61
To hold,מַחֲזִיק / מַחֲזִיקָה,Machzik / Machzika,inf. Le-hachzik לְהַחֲזִיק,mach-ZEEK — you hold on because your grip is chazak (strong). Same root: ch-z-k.,הִיא מַחֲזִיקָה אֶת הַתִּינוֹק בַּיָּדַיִם.,Hi machzika et ha-tinok ba-yadayim.,She's holding the baby in her arms.,Verbs · Hands,61
Apartment,דִּירָה,Dira,pl. Dirot דִּירוֹת,"dee-RA — you get a DEAL on a DIRA. Most Israelis live in one, so you'll hear it constantly.",אֲנַחְנוּ מְחַפְּשִׂים דִּירָה גְּדוֹלָה יוֹתֵר.,Anachnu mechapsim dira gdola yoter.,We're looking for a bigger apartment.,Nouns · Home,64
Building,בִּנְיָן,Binyan,pl. Binyanim בִּנְיָנִים,"bin-YAN — from livnot (to build). Bonus: the seven Hebrew verb patterns are also called binyanim, ""buildings"".",הַבִּנְיָן הַזֶּה עַתִּיק מְאוֹד.,Ha-binyan ha-ze atik me'od.,This building is very old.,Nouns · Home,64
Room,חֶדֶר,Cheder,pl. Chadarim חֲדָרִים,CHEH-der — the Jewish one-room schoolhouse was called a cheder. Note the vowel flip in the plural: cheder → chadarim.,בַּדִּירָה יֵשׁ שְׁלוֹשָׁה חֲדָרִים.,Ba-dira yesh shlosha chadarim.,There are three rooms in the apartment.,Nouns · Home,64
Roof,גַּג,Gag,pl. Gagot גַּגּוֹת,"GAG — two letters, shaped like a little roof: ג is even pointy on top.",אֲנַחְנוּ יוֹשְׁבִים עַל הַגַּג בָּעֶרֶב.,Anachnu yoshvim al ha-gag ba-erev.,We sit on the roof in the evening.,Nouns · Home,64
Garden / park / kindergarten,גַּן,Gan,pl. Ganim גַּנִּים,"GAN — Gan Eden = the Garden of Eden. A kindergarten is a gan yeladim, ""children's garden"".",הַיְּלָדִים מְשַׂחֲקִים בַּגַּן.,Ha-yeladim mesachakim ba-gan.,The children play in the park.,Nouns · Home,64
Because (of),בִּגְלַל,Biglal,,big-LAL — biglal takes a NOUN: biglal ha-geshem (because of the rain). For a full clause you need ki: ki yarad geshem.,אִחַרְתִּי בִּגְלַל הַתְּנוּעָה.,Icharti biglal ha-tnu'a.,I was late because of the traffic.,Connectors · Logic,65
Therefore / that's why,לָכֵן,Lachen,,"la-CHEN — ""la-KEN, and so it follows."" Slightly formal; in speech Israelis often just say az.","הָיָה מְאוּחָר, לָכֵן הָלַכְתִּי הַבַּיְתָה.","Haya me'uchar, lachen halachti ha-baita.","It was late, therefore I went home.",Connectors · Logic,65
If,אִם,Im,,"EEM — careful with its twin: im (אִם) = if, but im (עִם) = with. Same sound, different first letter, opposite jobs.","אִם יִהְיֶה גֶּשֶׁם, נִשָּׁאֵר בַּבַּיִת.","Im yihiyeh geshem, nisha'er ba-bayit.","If it rains, we'll stay home.",Connectors · Logic,65
Although / despite,לַמְרוֹת,Lamrot,,"lam-ROT — from meri, ""rebellion"": you go on in spite of it. Lamrot she- = ""even though"".",יָצָאנוּ לַמְרוֹת הַגֶּשֶׁם.,Yatzanu lamrot ha-geshem.,We went out despite the rain.,Connectors · Logic,65
Rather / but instead,אֶלָּא,Ela,,"eh-LA — used after a negative: ""Lo… ela…"" = ""not X but rather Y"".",אֲנִי לֹא רוֹצָה קָפֶה אֶלָּא תֵּה.,Ani lo rotza kafe ela te.,I don't want coffee but rather tea.,Connectors · Logic,65
Bedroom,חֶדֶר שֵׁנָה,Chadar sheina,pl. Chadrei sheina חַדְרֵי שֵׁנָה,"cheder + sheina (sleep). ""Room of sleep."" Notice how cheder becomes chadar when it's glued to another noun.",חֲדַר הַשֵּׁנָה שָׁקֵט וְנָעִים.,Chadar ha-sheina shaket ve-nachim.,The bedroom is quiet and pleasant.,Nouns · Home,66
Living room,סָלוֹן,Salon,pl. Salonim סָלוֹנִים,"sa-LON — straight from the French ""salon"". A freebie.",הַמִּשְׁפָּחָה צוֹפָה בַּטֶּלֶוִיזְיָה בַּסָּלוֹן.,Ha-mishpacha tzofa be-televizia ba-salon.,The family watches TV in the living room.,Nouns · Home,66
Dining room,חֶדֶר אוֹכֶל,Chadar ochel,pl. Chadrei ochel חַדְרֵי אוֹכֶל,"""Room of food"" — ochel is both ""eats"" and ""food"". On a kibbutz the chadar ochel is the communal dining hall.",אֲנַחְנוּ אוֹכְלִים בַּחֲדַר הָאֹכֶל בְּשַׁבָּת.,Anachnu ochlim be-chadar ha-ochel be-shabbat.,We eat in the dining room on Shabbat.,Nouns · Home,66
Kitchen,מִטְבָּח,Mitbach,pl. Mitbachim מִטְבָּחִים,mit-BACH — from tabach (cook). The ma-/mi- prefix marks a PLACE where something happens: mitbach = place of cooking.,הַמִּטְבָּח קָטָן אֲבָל נוֹחַ.,Ha-mitbach katan aval nochi.,The kitchen is small but comfortable.,Nouns · Home,66
Furniture,רָהִיט,Rahit,pl. Rahitim רְהִיטִים,ra-HEET — a piece of furniture you'd HEAT your feet by. Usually plural: rahitim.,קָנִינוּ רְהִיטִים חֲדָשִׁים לַסָּלוֹן.,Kaninu rahitim chadashim la-salon.,We bought new furniture for the living room.,Nouns · Home,66
To open,פּוֹתֵחַ / פּוֹתַחַת,Poteach / Potachat,inf. Lif-toach לִפְתּוֹחַ,po-TE-ach — a mafteach (key) opens it. Same root: p-t-ch.,הַחֲנוּת פּוֹתַחַת בְּתֵשַׁע.,Ha-chanut potachat be-tesha.,The store opens at nine.,Verbs · Hands,67
To close,סוֹגֵר / סוֹגֶרֶת,Soger / Sogeret,inf. Lis-gor לִסְגּוֹר,"so-GOR — ""So, GO — we're closing."" Sagur = closed, on every shop sign.",בְּבַקָּשָׁה לִסְגּוֹר אֶת הַדֶּלֶת.,Bevakasha lisgor et ha-delet.,Please close the door.,Verbs · Hands,67
To cut,חוֹתֵךְ / חוֹתֶכֶת,Chotech / Chotechet,inf. Lach-toch לַחְתּוֹךְ,cho-TECH — you CHOP with a TECHnique. Chaticha = a piece (something cut off).,אֲנִי חוֹתֵךְ אֶת הָעַגְבָנִיָּה לַסָּלָט.,Ani chotech et ha-agvania la-salat.,I'm cutting the tomato for the salad.,Verbs · Hands,67
To break,שׁוֹבֵר / שׁוֹבֶרֶת,Shover / Shoveret,inf. Lish-bor לִשְׁבּוֹר,SHO-ver — a SHOVE breaks it. Shavur = broken.,הַיֶּלֶד שׁוֹבֵר אֶת הַכּוֹס.,Ha-yeled shover et ha-kos.,The boy breaks the glass.,Verbs · Hands,67
To fix / to repair,מְתַקֵּן / מְתַקֶּנֶת,Metaken / Metakenet,inf. Le-taken לְתַקֵּן,"me-ta-KEN — ""Me? TAKE 'N fix it."" Tikkun olam = repairing the world.",הוּא מְתַקֵּן אֶת הַמְּקָרֵר.,Hu metaken et ha-mekarer.,He's fixing the refrigerator.,Verbs · Hands,67
Door,דֶּלֶת,Delet,pl. Dlatot דְּלָתוֹת,"DEH-let — the door LETS you in: de-LET. Also the Hebrew letter ד, dalet.","הַדֶּלֶת סְגוּרָה, תִּדְפֹּק בְּבַקָּשָׁה.","Ha-delet sgura, tidfok bevakasha.","The door is closed, please knock.",Nouns · Home,68
Window,חַלּוֹן,Chalon,pl. Chalonot חַלּוֹנוֹת,cha-LON — you stare out the window for a LONG time.,"תִּפְתַּח אֶת הַחַלּוֹן, חַם פֹּה.","Tiftach et ha-chalon, cham po.","Open the window, it's hot here.",Nouns · Home,68
Closet / cupboard,אָרוֹן,Aron,pl. Aronot אֲרוֹנוֹת,"a-RON — the Ark of the Covenant is the Aron ha-Brit, and the Torah cabinet in a synagogue is the aron kodesh. It's a big box.",הַבְּגָדִים בָּאָרוֹן שֶׁלִּי.,Ha-begadim ba-aron sheli.,The clothes are in my closet.,Nouns · Home,68
Curtain,וִילוֹן,Vilon,pl. Vilonot וִילוֹנוֹת,"vee-LON — a VEIL that's LONG. Borrowed from the same European root as ""voile"".",הַוִּילוֹנוֹת חֲדָשִׁים וְצִבְעוֹנִיִּים.,Ha-vilonot chadashim ve-tzivoniim.,The curtains are new and colorful.,Nouns · Home,68
Bed,מִטָּה,Mita,pl. Mitot מִטּוֹת,mee-TA — a bed is roughly a METER wide. (Don't confuse with mata = downward.),הֶחָתוּל יָשֵׁן עַל הַמִּטָּה שֶׁלִּי.,Ha-chatul yashen al ha-mita sheli.,The cat sleeps on my bed.,Nouns · Home,68
Refrigerator,מְקָרֵר,Mekarer,pl. Mekarerim מְקָרְרִים,"me-ka-RER — from kar (cold). The mekarer is ""the cold-maker"".",יֵשׁ חָלָב בַּמְּקָרֵר?,Yesh chalav ba-mekarer?,Is there milk in the fridge?,Nouns · Home,68
Easy / light,קַל / קַלָּה,Kal / Kala,pl. Kalim / Kalot קַלִּים / קַלּוֹת,"KAL — kal means both ""easy"" and ""lightweight"". The simplest Hebrew verb pattern is even called Pa'al/Kal, ""the light one"".",הַבְּחִינָה הָיְתָה קַלָּה.,Ha-bechina haita kala.,The exam was easy.,Adjectives · Qualities,71
Difficult / hard,קָשֶׁה / קָשָׁה,Kasheh / Kasha,pl. Kashim / Kashot קָשִׁים / קָשׁוֹת,"ka-SHEH — also means ""hard"" as in physically tough. ""Kashe li"" = ""it's hard for me"".",קָשֶׁה לִי לָקוּם בַּבֹּקֶר.,Kasheh li lakum ba-boker.,It's hard for me to get up in the morning.,Adjectives · Qualities,71
Simple,פָּשׁוּט / פְּשׁוּטָה,Pashut / Pshuta,pl. Pshutim / Pshutot פְּשׁוּטִים / פְּשׁוּטוֹת,"pa-SHOOT — ""pashut"" also works as an adverb meaning ""simply / just"": Ani pashut lo yodea.",זֶה מַתְכּוֹן פָּשׁוּט וְטָעִים.,Ze matkon pashut ve-tza'im.,It's a simple and tasty recipe.,Adjectives · Qualities,71
Important,חָשׁוּב / חֲשׁוּבָה,Chashuv / Chashuva,pl. Chashuvim / Chashuvot חֲשׁוּבִים / חֲשׁוּבוֹת,cha-SHOOV — from lachshov (to think): important things are the ones worth thinking about.,זֶה מְאוֹד חָשׁוּב לִי.,Ze me'od chashuv li.,This is very important to me.,Adjectives · Qualities,71
Boring,מְשַׁעֲמֵם / מְשַׁעֲמֶמֶת,Meshamem / Meshamemet,pl. Meshamemim / Meshamemot מְשַׁעֲמְמִים / מְשַׁעֲמְמוֹת,"me-sha-a-MEM — the word drags on, mem after mem, exactly like the feeling. ""Meshamem li"" = ""I'm bored"".",הַסֶּרֶט הָיָה מְשַׁעֲמֵם מְאוֹד.,Ha-seret haya meshamem me'od.,The movie was very boring.,Adjectives · Qualities,71
Key,מַפְתֵּחַ,Mafteach,pl. Maftechot מַפְתְּחוֹת,"maf-TE-ach — from lifto'ach (to open). The ma- prefix marks a TOOL: a key is ""the opening-tool"".",אִבַּדְתִּי אֶת הַמַּפְתֵּחַ שֶׁל הַבַּיִת.,Ibadeti et ha-mafteach shel ha-bayit.,I lost the house key.,Nouns · Household,72
Soap,סַבּוֹן,Sabon,pl. Sabonim סַבּוֹנִים,"sa-BON — practically the English ""soap"" with a Spanish accent (jabón). Free word.",נִגְמַר הַסַּבּוֹן בַּמִּקְלַחַת.,Nigmar ha-sabon ba-miklachat.,The soap ran out in the shower.,Nouns · Household,72
Towel,מַגֶּבֶת,Magevet,pl. Magavot מַגָּבוֹת,"ma-GEH-vet — from lenagev, ""to wipe dry"". Again the ma- tool-prefix: the drying-tool.","תָּבִיא לִי מַגֶּבֶת נְקִיָּה, בְּבַקָּשָׁה.","Tavi li magevet nekiya, bevakasha.","Bring me a clean towel, please.",Nouns · Household,72
Toilet paper,נְיָר טוֹאָלֵט,Niyar toalet,,"niyar = paper (think ""NEAR"" — always keep it near). Then the borrowed ""toalet"".",צָרִיךְ לִקְנוֹת נְיָר טוֹאָלֵט.,Tzarich liknot niyar toalet.,We need to buy toilet paper.,Nouns · Household,72
Trash / garbage,זֶבֶל,Zevel,,"ZEH-vel — originally ""manure"". Israelis use it for garbage and, in slang, for anything terrible: ""Ha-seret haya zevel.""","תִּזְרֹק אֶת הַזֶּבֶל, בְּבַקָּשָׁה.","Tizrok et ha-zevel, bevakasha.","Throw out the trash, please.",Nouns · Household,72
To throw,זוֹרֵק / זוֹרֶקֶת,Zorek / Zoreket,inf. Liz-rok לִזְרוֹק,ZO-rek — you throw the trash into the WRECK. Lizrok la-zevel = throw in the garbage.,"אַל תִּזְרְקִי אֶת זֶה, זֶה חָשׁוּב!","Al tizroki et ze, ze chashuv!","Don't throw that away, it's important!",Verbs · Hands,73
To catch,תּוֹפֵס / תּוֹפֶסֶת,Tofes / Tofeset,inf. Lit-pos לִתְפּוֹס,"TO-fes — you catch it and it's TOO FAST. Also means ""to grab a seat/spot"".",הַכֶּלֶב תּוֹפֵס אֶת הַכַּדּוּר.,Ha-kelev tofes et ha-kadur.,The dog catches the ball.,Verbs · Hands,73
To touch,נוֹגֵעַ / נוֹגַעַת,Nogea / Nogaat,inf. La-gaat לָגַעַת,"no-GEH-a — ""NO! Get your hands off!"" Al tiga! = ""Don't touch!""",אָסוּר לָגַעַת בַּצִּיּוּרִים בַּמּוּזֵאוֹן.,Asur lagaat ba-tziurim ba-muzeon.,You mustn't touch the paintings in the museum.,Verbs · Hands,73
To arrange / to tidy,מְסַדֵּר / מְסַדֶּרֶת,Mesader / Mesaderet,inf. Le-sader לְסַדֵּר,"me-sa-DER — you put things in SEDER (order). The Passover Seder is literally ""the order"".",אֲנִי מְסַדֶּרֶת אֶת הַחֶדֶר שֶׁלִּי.,Ani mesaderet et ha-cheder sheli.,I'm tidying my room.,Verbs · Hands,73
To divide / to hand out,מְחַלֵּק / מְחַלֶּקֶת,Mechalek / Mechaleket,inf. Le-chalek לְחַלֵּק,me-cha-LEK — you divide it into CHALK-marked parts. Chelek = a part.,הַמּוֹרָה מְחַלֶּקֶת אֶת הַחוֹבֶרֶת לַכִּתָּה.,Ha-mora mechaleket et ha-choveret la-kita.,The teacher hands out the booklet to the class.,Verbs · Hands,73
Pot,סִיר,Sir,pl. Sirim סִירִים,"SEER — you STIR the SIR. (Careful: sir = pot, shir = song.)",הַסִּיר עַל הָאֵשׁ כְּבָר חֲצִי שָׁעָה.,Ha-sir al ha-esh kvar chatzi sha'a.,The pot has been on the fire for half an hour.,Nouns · Household,74
Bowl,קְעָרָה,Ke'ara,pl. Ke'arot קְעָרוֹת,"ke-a-RA — a bowl is CURVED — ""ke-CURVE-ah"".",שִׂים אֶת הַסָּלָט בַּקְּעָרָה הַגְּדוֹלָה.,Sim et ha-salat ba-ke'ara ha-gdola.,Put the salad in the big bowl.,Nouns · Household,74
Cup / glass,כּוֹס,Kos,pl. Kosot כּוֹסוֹת,"KOS — at a wedding the groom breaks a kos. Sounds like ""cause"" — a cause for celebration.",אֲנִי רוֹצָה כּוֹס מַיִם קָרִים.,Ani rotza kos mayim krerim.,I want a glass of cold water.,Nouns · Household,74
Napkin,מַפִּית,Mapit,pl. Mapiyot מַפִּיּוֹת,"ma-PEET — from mapa (tablecloth) + the diminutive -it. A napkin is a ""little tablecloth"".",תָּבִיא מַפִּיּוֹת לַשֻּׁלְחָן.,Tavi mapiyot la-shulchan.,Bring napkins to the table.,Nouns · Household,74
Silverware / cutlery,סַכּוּ״ם,Sakum,,sa-KOOM — an acronym! Sakin (knife) + Kaf (spoon) + Mazleg (fork). The quotation marks tell you it's built from initials.,"הַסַּכּוּ""ם בַּמְּגֵרָה הָרִאשׁוֹנָה.",Ha-sakum ba-magera ha-rishona.,The silverware is in the first drawer.,Nouns · Household,74
Spoon (large),כַּף,Kaf,pl. Kapot כַּפּוֹת,"KAF — the same word as the palm of your hand: both are little scoops. In recipes, kaf = tablespoon.",הוֹסֵף כַּף שֶׁמֶן לַסִּיר.,Hosif kaf shemen la-sir.,Add a tablespoon of oil to the pot.,Nouns · Household,74
Spoon (small) / teaspoon,כַּפִּית,Kapit,pl. Kapiot כַּפִּיּוֹת,"ka-PEET — kaf + the -it diminutive again, exactly like mapa → mapit. Hebrew shrinks things with -it.","כַּפִּית סֻכָּר בַּקָּפֶה, בְּבַקָּשָׁה.","Kapit sukar ba-kafe, bevakasha.","A teaspoon of sugar in the coffee, please.",Nouns · Household,74
Vegetable,יֶרֶק,Yerek,pl. Yerakot יְרָקוֹת,"YEH-rek — from yarok, ""green"". Vegetables are ""the green things"".",אֲנִי אוֹכֶלֶת הַרְבֵּה יְרָקוֹת.,Ani ochelet harbeh yerakot.,I eat a lot of vegetables.,Nouns · Food,75
Tomato,עַגְבָנִיָּה,Agvania,pl. Agvaniyot עַגְבָנִיּוֹת,"ag-va-nee-YA — from agavim, ""love/passion"" — the tomato was once called the ""love apple"", exactly like the French pomme d'amour.",הַסָּלָט מֵעַגְבָנִיּוֹת וּמְלָפְפוֹנִים.,Ha-salat me-agvaniyot ve-melafefonim.,The salad is made of tomatoes and cucumbers.,Nouns · Food,75
Onion,בָּצָל,Batzal,pl. Betzalim בְּצָלִים,ba-TSAL — cutting one makes you BAWL. Batzal ha-yarok = a green onion.,אֲנִי חוֹתֵךְ בָּצָל לַמָּרָק.,Ani chotech batzal la-marak.,I'm cutting an onion for the soup.,Nouns · Food,75
Carrot,גֶּזֶר,Gezer,pl. Gzarim גְּזָרִים,"GEH-zer — from ligzor, ""to cut"": a carrot is ""the cut-up thing"". Also, gezer sounds like ""geezer"" — a carrot with a nose.",הַשָּׁפָן אוֹהֵב גֶּזֶר.,Ha-shafan ohev gezer.,The rabbit likes carrots.,Nouns · Food,75
Potato,תַּפּוּחַ אֲדָמָה,Tapuach adama,pl. Tapuchei adama תַּפּוּחֵי אֲדָמָה,"Literally ""apple of the earth"" — exactly like the French pomme de terre. Adama = earth/soil.",אֲנִי אוֹפָה תַּפּוּחֵי אֲדָמָה בַּתַּנּוּר.,Ani ofa tapuchei adama ba-tanur.,I'm baking potatoes in the oven.,Nouns · Food,75
To like / to love,אוֹהֵב / אוֹהֶבֶת,Ohev / Ohevet,inf. Le-ehov לֶאֱהוֹב,"oh-HEV — ""Oh! HEAVEN."" Ahava = love. Ani ohev otach = ""I love you"" (to a woman).",אֲנִי אוֹהֵב אֶת הַשִּׁיר הַזֶּה מְאוֹד.,Ani ohev et ha-shir ha-ze me'od.,I love this song very much.,Verbs · Feelings,78
To hate,שׂוֹנֵא / שׂוֹנֵאת,Sone / Sonet,inf. Lis-no לִשְׂנוֹא,"so-NEH — ""So, NAY!"" A hard no. Sin'a = hatred.",הִיא שׂוֹנֵאת לָקוּם מֻקְדָּם.,Hi sonet lakum mukdam.,She hates getting up early.,Verbs · Feelings,78
To laugh,צוֹחֵק / צוֹחֶקֶת,Tzochek / Tzocheket,inf. Litz-chok לִצְחוֹק,TSO-chek — Isaac (Yitzchak) was named for laughter: Sarah laughed when she heard she'd have him. Same root.,כֻּלָּם צוֹחֲקִים מֵהַבְּדִיחָה שֶׁלּוֹ.,Kulam tzochakim me-ha-bdicha shelo.,Everyone laughs at his joke.,Verbs · Feelings,78
To cry,בּוֹכֶה / בּוֹכָה,Boche / Bocha,inf. Liv-kot לִבְכּוֹת,"BO-cheh — the sound of a sob, ""boh-heh, boh-heh"". The Western Wall is the Kotel, where people come to cry.",הַתִּינוֹק בּוֹכֶה כִּי הוּא רָעֵב.,Ha-tinok boche ki hu ra'ev.,The baby is crying because he's hungry.,Verbs · Feelings,78
To enjoy,נֶהֱנֶה / נֶהֱנֵית,Nehene / Nehenet,inf. Le-henot לֵיהָנוֹת,"neh-heh-NEH — enjoyment is HONEY (hana'a ≈ ""honey-ah""). Neheneti! = ""I enjoyed it!""",אֲנַחְנוּ נֶהֱנִים מֵהַמְּסִבָּה.,Anachnu nehenim me-ha-mesiba.,We're enjoying the party.,Verbs · Feelings,78
Beautiful / pretty,יָפֶה / יָפָה,Yafe / Yafa,pl. Yafim / Yafot יָפִים / יָפוֹת,"ya-FEH — Yaffa, the ancient port city, means ""beautiful"". ""Yafe me'od!"" = ""Very nice!""",אֵיזֶה יוֹם יָפֶה הַיּוֹם!,Eize yom yafe ha-yom!,What a beautiful day today!,Adjectives · Judgement,79
Excellent (pt. 1),מְצֻיָּן / מְצֻיֶּנֶת,Metzuyan / Metzuyenet,pl. Metzuyanim / Metzuyanot מְצֻיָּנִים / מְצֻיָּנוֹת,"me-tsu-YAN — literally ""marked out / distinguished"", from letzayen, to mark. This is the everyday ""Great!""",מְצֻיָּן! נִפָּגֵשׁ מָחָר.,Metzuyan! Nifgash machar.,Excellent! We'll meet tomorrow.,Adjectives · Judgement,79
Excellent (pt. 2) / superb,מְעוּלֶה / מְעוּלָה,Me'uleh / Me'ula,pl. Me'ulim / Me'ulot מְעוּלִים / מְעוּלוֹת,"me-u-LEH — from la'alot (to go up): something ""elevated"". Slightly fancier than metzuyan — you'd use it for food or wine.",הָאֹכֶל בַּמִּסְעָדָה מְעוּלֶה.,Ha-ochel ba-mis'ada me'ule.,The food at the restaurant is superb.,Adjectives · Judgement,79
Complete / perfect,מֻשְׁלָם / מֻשְׁלֶמֶת,Mushlam / Mushlemet,pl. Mushlamim / Mushlamot מֻשְׁלָמִים / מֻשְׁלָמוֹת,"mush-LAM — from shalem (whole/complete), root of shalom. Perfect = fully whole.",זֶה לֹא צָרִיךְ לִהְיוֹת מֻשְׁלָם.,Ze lo tzarich lihiot mushlam.,It doesn't have to be perfect.,Adjectives · Judgement,79
Different,שׁוֹנֶה / שׁוֹנָה,Shoneh / Shona,pl. Shonim / Shonot שׁוֹנִים / שׁוֹנוֹת,"SHO-neh — from leshanot, to change. Something different has been changed.",הַטַּעַם שׁוֹנֶה לְגַמְרֵי.,Ha-ta'am shoneh legamrei.,The taste is completely different.,Adjectives · Judgement,79
Cauliflower / cabbage,כְּרוּב,Kruv,pl. Kruvim כְּרוּבִים,"KROOV — same spelling as keruv, an angel (cherub). A cauliflower does look a bit like a cloud of little cherubs.",אֲנַחְנוּ אוֹפִים כְּרוּב עִם שֶׁמֶן זַיִת.,Anachnu ofim kruv im shemen zayit.,We're roasting cauliflower with olive oil.,Nouns · Food,80
Mushroom,פִּטְרִיָּה,Pitria,pl. Pitriyot פִּטְרִיּוֹת,"pit-ree-YA — sounds like ""pizzeria"" — and mushrooms go on pizza.",הַפִּטְרִיּוֹת בָּרוֹטֶב טְעִימוֹת.,Ha-pitriyot ba-rotev tze'imot.,The mushrooms in the sauce are tasty.,Nouns · Food,80
Olive,זַיִת,Zayit,pl. Zeytim זֵיתִים,ZA-yit — the Mount of Olives is Har ha-Zeitim. Shemen zayit = olive oil.,יֵשׁ זֵיתִים שְׁחוֹרִים בַּסָּלָט.,Yesh zeytim shchorim ba-salat.,There are black olives in the salad.,Nouns · Food,80
Salt,מֶלַח,Melach,,"MEH-lach — the Dead Sea is Yam ha-Melach, ""the Sea of Salt"". Cousin of the English ""mineral"" family via Semitic m-l-ch.",חָסֵר מֶלַח בַּמָּרָק.,Chaser melach ba-marak.,The soup needs salt.,Nouns · Food,80
Oil,שֶׁמֶן,Shemen,pl. Shmanim שְׁמָנִים,"SHEH-men — same root as shamen, ""fat"". Shemen zayit = olive oil, the Hanukkah miracle oil.",אֲנִי מְבַשֶּׁלֶת עִם שֶׁמֶן זַיִת.,Ani mevashelet im shemen zayit.,I cook with olive oil.,Nouns · Food,80
Grape,עֲנָב,Anav,pl. Anavim עֲנָבִים,a-NAV — grapes hang and NAB your eye. Usually plural: anavim.,הָעֲנָבִים הָאֵלֶּה מְתוּקִים מְאוֹד.,Ha-anavim ha-eleh metukim me'od.,These grapes are very sweet.,Nouns · Food,81
Grapefruit,אֶשְׁכּוֹלִית,Eshkolit,pl. Eshkoliot אֶשְׁכּוֹלִיּוֹת,"esh-ko-LEET — from eshkol, ""a cluster"" (grapefruits grow in clusters). Eshkol is also a famous Israeli surname.",אֲנִי שׁוֹתָה מִיץ אֶשְׁכּוֹלִיּוֹת בַּבֹּקֶר.,Ani shotah mitz eshkoliot ba-boker.,I drink grapefruit juice in the morning.,Nouns · Food,81
Peach,אֲפַרְסֵק,Afarsek,pl. Afarsekim אֲפַרְסְקִים,"a-far-SEK — from ""Persia"" (Persicum), just like the English ""peach"". Same fruit, same journey.",הָאֲפַרְסֵק הַזֶּה רָטוֹב וּמָתוֹק.,Ha-afarsek ha-ze ratuv ve-matok.,This peach is juicy and sweet.,Nouns · Food,81
Pear,אֲגָס,Agas,pl. Agasim אֲגָסִים,a-GAS — a pear shaped like a little GAS balloon.,קָנִיתִי אֲגָסִים בַּשּׁוּק.,Kaniti agasim ba-shuk.,I bought pears at the market.,Nouns · Food,81
Cherry,דּוּבְדְּבָן,Duvdevan,pl. Duvdevanim דּוּבְדְּבָנִים,"duv-de-VAN — ""the cherry on top"" in Hebrew is ha-duvdevan she-ba-katzefet, ""the cherry on the whipped cream"". Say it three times; it's addictive.",הַדֻּבְדְּבָן עַל הָעוּגָה.,Ha-duvdevan al ha-uga.,The cherry is on the cake.,Nouns · Food,81
Blueberry,אֻכְמָנִיָּה,Uchmaniya,pl. Uchmaniyot אֻכְמָנִיּוֹת,"uch-ma-nee-YA — from a root meaning ""dark/black"". Blueberries are the dark berries.",אֲנִי אוֹפָה עוּגָה עִם אֻכְמָנִיּוֹת.,Ani ofa uga im uchmaniyot.,I'm baking a cake with blueberries.,Nouns · Food,82
Nut,אֱגוֹז,Egoz,pl. Egozim אֱגוֹזִים,"eh-GOZ — the nut that GOES crack. Egoz melech = a walnut, literally ""king nut"".",יֵשׁ אֱגוֹזִים בַּסָּלָט.,Yesh egozim ba-salat.,There are nuts in the salad.,Nouns · Food,82
Peanut,בֹּטֶן,Boten,pl. Botnim בֹּטְנִים,"BO-ten — Israel's beloved snack Bamba is made of botnim. Say ""BOTTOM nut"".",יֵשׁ לִי אָלֶרְגְּיָה לְבֹטְנִים.,Yesh li alergia le-botnim.,I have an allergy to peanuts.,Nouns · Food,82
Honey,דְּבַשׁ,Dvash,,"DVASH — ""a land flowing with milk and honey"" = eretz zavat chalav u-dvash. Sounds like a bee's buzz landing: ""dvash!""",אוֹכְלִים תַּפּוּחַ בִּדְבַשׁ בְּרֹאשׁ הַשָּׁנָה.,Ochlim tapuach be-dvash be-Rosh Hashana.,We eat apple with honey on Rosh Hashanah.,Nouns · Food,82
Jam / jelly,רִבָּה,Riba,pl. Ribot רִבּוֹת,REE-ba — a RIBBON of jam across your toast.,אֲנִי מוֹרַחַת רִבָּה עַל הַלֶּחֶם.,Ani mericha riba al ha-lechem.,I spread jam on the bread.,Nouns · Food,82
To feel,מַרְגִּישׁ / מַרְגִּישָׁה,Margish / Margisha,inf. Le-hargish לְהַרְגִּישׁ,"mar-GEESH — a feeling is a RUSH, spelled backwards-ish. Regesh = an emotion.",אֲנִי מַרְגִּישָׁה יוֹתֵר טוֹב הַיּוֹם.,Ani margisha yoter tov ha-yom.,I feel better today.,Verbs · Feelings,85
To cuddle / to pamper,מְפַנֵּק / מְפַנֶּקֶת,Mefanek / Mefaneket,inf. Le-fanek לְפַנֵּק,me-fa-NEK — you PAMPER by nuzzling someone's NECK. Mefunak = spoiled (in a cute way).,סָבְתָא מְפַנֶּקֶת אֶת הַנְּכָדִים.,Savta mefaneket et ha-nechadim.,Grandma spoils the grandchildren.,Verbs · Feelings,85
To forgive,סוֹלֵחַ / סוֹלַחַת,Soleach / Solachat,inf. Lis-loach לִסְלוֹחַ,"so-LE-ach — Slicha! (""sorry / excuse me"") is the word you'll say twenty times a day. Same root: s-l-ch.","אֲנִי סוֹלַחַת לְךָ, זֶה בְּסֵדֶר.","Ani solachat lecha, ze beseder.","I forgive you, it's fine.",Verbs · Feelings,85
To wish (someone something),מְאַחֵל / מְאַחֶלֶת,Meachel / Meachelet,inf. Le-achel לְאַחֵל,"me-a-CHEL — ""May I A-KHEL you well."" Note: this is wishing someone something, not wanting (that's rotze).",אֲנִי מְאַחֶלֶת לָךְ הַצְלָחָה!,Ani meachelet lach hatzlacha!,I wish you success!,Verbs · Feelings,85
To agree,מַסְכִּים / מַסְכִּימָה,Maskim / Maskima,inf. Le-haskim לְהַסְכִּים,mas-KEEM — agreeing to the SCHEME. Haskama = agreement/consent.,אֲנִי מַסְכִּים אִתְּךָ לְגַמְרֵי.,Ani maskim itcha legamrei.,I agree with you completely.,Verbs · Feelings,85
Beef / cattle,בָּקָר,Bakar,,ba-KAR — cattle you'd haul in a big CAR. Basar bakar = beef.,אֲנִי לֹא אוֹכֵל בְּשַׂר בָּקָר.,Ani lo ochel basar bakar.,I don't eat beef.,Nouns · Food,86
Chicken / poultry (food),עוֹף,Of,pl. Ofot עוֹפוֹת,"OF — from la'uf, ""to fly"": poultry is ""the flying thing"". Different word from the live bird (tarnegol).",הָעוֹף בַּתַּנּוּר כְּבָר שָׁעָה.,Ha-of ba-tanur kvar sha'a.,The chicken has been in the oven for an hour.,Nouns · Food,86
Pig / pork,חֲזִיר,Chazir,pl. Chazirim חֲזִירִים,"cha-ZEER — sounds like a snorting ""cha-ZEEEER"". Slang: calling someone a chazir means they're a slob.",הֵם לֹא אוֹכְלִים בְּשַׂר חֲזִיר.,Hem lo ochlim basar chazir.,They don't eat pork.,Nouns · Food,86
Butter,חֶמְאָה,Chem'a,,chem-A — from cham (warm)? No — but it helps: butter melts when it's cham. Chem'at botnim = peanut butter.,שִׂים חֶמְאָה עַל הַלֶּחֶם הַחַם.,Sim chem'a al ha-lechem ha-cham.,Put butter on the warm bread.,Nouns · Food,86
Flour,קֶמַח,Kemach,,"KEH-mach — ""Im ein kemach, ein Torah"" — ""without flour there's no Torah"", an old saying about needing bread before books.",צָרִיךְ קֶמַח לָעוּגָה.,Tzarich kemach la-uga.,We need flour for the cake.,Nouns · Food,86
Cheap,זוֹל / זוֹלָה,Zol / Zola,pl. Zolim / Zolot זוֹלִים / זוֹלוֹת,"ZOL — cheap enough that you SOLD it fast. ""Ze zol!"" is a bargain shopper's cry at the shuk.",הַיְּרָקוֹת זוֹלִים בַּשּׁוּק.,Ha-yerakot zolim ba-shuk.,The vegetables are cheap at the market.,Adjectives · Qualities,87
Expensive / dear,יָקָר / יְקָרָה,Yakar / Yekara,pl. Yekarim / Yekarot יְקָרִים / יְקָרוֹת,"ya-KAR — like English ""dear"", it means both costly and beloved. A letter starts ""Yakar sheli"" — ""my dear"".",הַדִּירָה הַזֹּאת יְקָרָה מִדַּי.,Ha-dira ha-zo yekara mid'i.,This apartment is too expensive.,Adjectives · Qualities,87
Full,מָלֵא / מְלֵאָה,Maleh / Mele'a,pl. Mele'im / Mele'ot מְלֵאִים / מְלֵאוֹת,"ma-LEH — also what you say after a big meal: ""Ani maleh!"" Milui = a filling.",הָאוֹטוֹבּוּס מָלֵא אֲנָשִׁים.,Ha-otobus maleh anashim.,The bus is full of people.,Adjectives · Qualities,87
Empty,רֵיק / רֵיקָה,Rek / Reka,pl. Rekim / Rekot רֵיקִים / רֵיקוֹת,REK — an empty WRECK. Learn it paired with maleh.,הַמְּקָרֵר רֵיק לְגַמְרֵי.,Ha-mekarer rek legamrei.,The fridge is completely empty.,Adjectives · Qualities,87
Heavy,כָּבֵד / כְּבֵדָה,Kaved / Kveda,pl. Kvedim / Kvedot כְּבֵדִים / כְּבֵדוֹת,"ka-VED — kaved is also the liver, the body's heaviest organ. And kavod (honor) is the same root: honor has weight.",הַמִּזְוָדָה כְּבֵדָה מִדַּי בִּשְׁבִילִי.,Ha-mizvada kveda mid'i bishvili.,The suitcase is too heavy for me.,Adjectives · Qualities,87
Meal,אֲרוּחָה,Arucha,pl. Aruchot אֲרוּחוֹת,"a-ROO-cha — arucha sounds like ""a ROUTINE"" — the routine three a day. Arucḥat boker = breakfast.",אֲרוּחַת עֶרֶב בִּשְׁמוֹנֶה.,Aruchat erev be-shmoneh.,Dinner is at eight.,Nouns · Food,88
Dessert,קִנּוּחַ,Kinuach,,"kee-NOO-ach — from lekanach, ""to wipe clean"": dessert is what wipes the meal clean at the end.",מָה יֵשׁ לְקִנּוּחַ?,Ma yesh le-kinuach?,What's for dessert?,Nouns · Food,88
Sweetener / something sweet,מַמְתִּיק / מַמְתִּיקָה,Mamtik / Mamtika,pl. Mamtikim / Mamtikot מַמְתִּיקִים / מַמְתִּיקוֹת,"mam-TEEK — from matok (sweet). The ma- prefix means ""the thing that makes it so"": the sweetener.",אֲנִי לֹא שָׂם מַמְתִּיק בַּקָּפֶה.,Ani lo sam mamtik ba-kafe.,I don't put sweetener in my coffee.,Nouns · Food,88
Sauce / gravy,רוֹטֶב,Rotev,pl. Rotavim רְטָבִים,"RO-tev — from ratuv, ""wet"". Sauce is the wet stuff.",הָרוֹטֶב חָרִיף מִדַּי בִּשְׁבִילִי.,Ha-rotev charif mid'i bishvili.,The sauce is too spicy for me.,Nouns · Food,88
Piece,חֲתִיכָה,Chatichа,pl. Chatichot חֲתִיכוֹת,"cha-tee-CHA — from lachtoch, ""to cut"": a piece is a cut-off bit. Slang warning: calling a person a chatich(a) means ""hottie"".",אֲנִי רוֹצָה עוֹד חֲתִיכַת עוּגָה.,Ani rotza od chatichat uga.,I want another piece of cake.,Nouns · Food,88
To meet (up with),נִפְגָּשׁ / נִפְגֶּשֶׁת,Nifgash / Nifgeshet,inf. Le-hipagesh לְהִפָּגֵשׁ,nif-GASH — two people meet and GASH into each other. Pgisha = a meeting.,אֲנַחְנוּ נִפְגָּשִׁים בְּבֵית קָפֶה בְּאַרְבַּע.,Anachnu nifgashim ba-beit kafe be-arba.,We're meeting at a café at four.,Verbs · Social,89
To visit,מְבַקֵּר / מְבַקֶּרֶת,Mevaker / Mevakeret,inf. Le-vaker לְבַקֵּר,"me-va-KER — you drive your CAR to visit. Bikur = a visit; careful, mevaker also means ""criticizes"".",אֲנִי מְבַקֶּרֶת אֶת הַמִּשְׁפָּחָה בְּחֵיפָה.,Ani mevakeret et ha-mishpacha be-Chaifa.,I'm visiting the family in Haifa.,Verbs · Social,89
To help,עוֹזֵר / עוֹזֶרֶת,Ozer / Ozeret,inf. La-azor לַעֲזוֹר,"oh-ZER — ""Oh, ZORRO to the rescue!"" Ezra = help; ozeret also means ""housekeeper"".",אַתָּה יָכוֹל לַעֲזוֹר לִי בְּבַקָּשָׁה?,Ata yachol la'azor li bevakasha?,Can you help me please?,Verbs · Social,89
To support,תּוֹמֵךְ / תּוֹמֶכֶת,Tomech / Tomechet,inf. Lit-moch לִתְמוֹךְ,TO-mech — a support beam holds up the TOMB. Tmicha = support.,הַהוֹרִים תּוֹמְכִים בַּהַחְלָטָה שֶׁלָּהּ.,Ha-horim tomchim ba-hachlata shela.,The parents support her decision.,Verbs · Social,89
To guard / to watch over,שׁוֹמֵר / שׁוֹמֶרֶת,Shomer / Shomeret,inf. Lish-mor לִשְׁמוֹר,"SHO-mer — a shomer stands at every Israeli mall entrance. ""Show, MORE security.""",הַשּׁוֹמֵר שׁוֹמֵר עַל הַכְּנִיסָה.,Ha-shomer shomer al ha-knisa.,The guard watches over the entrance.,Verbs · Social,89
Beverage / drink,מַשְׁקֶה,Mashke,pl. Mashkaot מַשְׁקָאוֹת,"mash-KEH — from lehashkot, ""to give drink"". Related to the mashkeh (cupbearer) in the Joseph story.",מָה אַתָּה רוֹצֶה לִשְׁתּוֹת? יֵשׁ מַשְׁקָאוֹת קָרִים.,Ma ata rotze lishtot? Yesh mashkaot karim.,What do you want to drink? There are cold drinks.,Nouns · Food,92
Alcoholic beverage,מַשְׁקֶה חָרִיף,Mashke charif,pl. Mashkaot charifim מַשְׁקָאוֹת חֲרִיפִים,"charif means ""sharp/spicy"" — so alcohol is literally ""a sharp drink"". Same word you'd use for spicy food.",הוּא לֹא שׁוֹתֶה מַשְׁקָאוֹת חֲרִיפִים.,Hu lo shote mashkaot charifim.,He doesn't drink alcoholic beverages.,Nouns · Food,92
Juice,מִיץ,Mitz,,MEETS — juice that MEETS your thirst. Short and easy.,"מִיץ תַּפּוּזִים טָרִי, בְּבַקָּשָׁה.","Mitz tapuzim tari, bevakasha.","Fresh orange juice, please.",Nouns · Food,92
Menu,תַּפְרִיט,Tafrit,pl. Tafritim תַּפְרִיטִים,"taf-REET — from prat, ""a detail"": a menu is the itemized list of details.",הַמֶּלְצַר נוֹתֵן לָנוּ תַּפְרִיט.,Ha-meltzar noten lanu tafrit.,The waiter gives us a menu.,Nouns · Food,92
Recipe,מַתְכּוֹן,Matkon,pl. Matkonim מַתְכּוֹנִים,"mat-KON — from tochen, ""content"": a recipe is the ""contents plan"". Sounds like ""MAT-CON"" — matching the contents.",זֶה מַתְכּוֹן שֶׁל סָבְתָא שֶׁלִּי.,Ze matkon shel savta sheli.,This is my grandmother's recipe.,Nouns · Food,92
Ingredient / commodity,מִצְרָךְ,Mitzrach,pl. Mitzrachim מִצְרָכִים,"mits-RACH — from tzarich, ""needed"": an ingredient is literally ""a needed thing"". Mitzrachim = groceries.",קָנִיתִי אֶת כָּל הַמִּצְרָכִים לַמַּתְכּוֹן.,Kaniti et kol ha-mitzrachim la-matkon.,I bought all the ingredients for the recipe.,Nouns · Food,92
Before,לִפְנֵי,Lifnei,,"lif-NEI — from panim, ""face"": before = in front of the face of. Works for time and place both.",אֲנִי מְצַחְצֵחַ שִׁנַּיִם לִפְנֵי הַשֵּׁנָה.,Ani mitzachtzeach shinayim lifnei ha-sheina.,I brush my teeth before sleep.,Connectors · Position,93
After,אַחֲרֵי,Acharei,,a-cha-REI — same family as acharon (last) and me'uchar (late). The pair to lifnei.,נְדַבֵּר אַחֲרֵי הָאֲרוּחָה.,Nedaber acharei ha-arucha.,We'll talk after the meal.,Connectors · Position,93
Between,"בֵּין / בֵּינִי, בֵּינְךָ","Bein / Beini, Beincha…",,"BEIN — ""BETWEEN"" even starts the same way. Bein…le-bein… = ""between X and Y"". It takes personal endings: beini u-veincha = ""between me and you"".",מָה הַהֶבְדֵּל בֵּין הַשְּׁנַיִם?,Ma ha-hevdel bein ha-shnayim?,What's the difference between the two?,Connectors · Position,93
Underneath / below,מִתַּחַת (לְ),Mitachat (le-),,"mi-TA-chat — from tachat, ""under"". Always followed by le-: mitachat la-shulchan.",הֶחָתוּל מִתַּחַת לַמִּטָּה.,Ha-chatul mitachat la-mita.,The cat is under the bed.,Connectors · Position,93
Opposite / in front of / facing,מוּל,Mul,,"MOOL — you stand ""MULL-ing"" it over, face to face. Mul ha-bayit = across from the house.",הַחֲנוּת מוּל הַתַּחֲנָה.,Ha-chanut mul ha-tachana.,The store is opposite the station.,Connectors · Position,93
Place,מָקוֹם,Makom,pl. Mekomot מְקוֹמוֹת,"ma-KOM — from lakum (to rise/stand): a place is where something stands. Ha-Makom (""The Place"") is even a name for God.",זֶה מָקוֹם נֶחְמָד לָאֲרוּחָה.,Ze makom nechmad la-arucha.,This is a nice place for a meal.,Nouns · Places,94
City,עִיר,Ir,pl. Arim עָרִים,EER — you HEAR the city. Iriya = the city hall. Note the vowel change in the plural: ir → arim.,תֵּל אָבִיב עִיר גְּדוֹלָה וְרַעֲשָׁנִית.,Tel Aviv ir gdola ve-ra'ashanit.,Tel Aviv is a big and noisy city.,Nouns · Places,94
Country / land,אֶרֶץ,Eretz,pl. Aratzot אֲרָצוֹת,"EH-rets — Eretz Yisrael. Artzot ha-Brit (""lands of the covenant"") = the United States.",בְּאֵיזוֹ אֶרֶץ אַתְּ גָּרָה?,Be-eize eretz at gara?,Which country do you live in?,Nouns · Places,94
Address,כְּתֹבֶת,Ktovet,pl. Ktovot כְּתֹבוֹת,"kto-VET — from lichtov (to write): an address is ""the written thing"". Also means a tattoo or an inscription.",מָה הַכְּתֹבֶת שֶׁל הַמִּשְׂרָד?,Ma ha-ktovet shel ha-misrad?,What's the office's address?,Nouns · Places,94
Road / way / path,דֶּרֶךְ,Derech,pl. Drachim דְּרָכִים,"DEH-rech — ""derech eretz"" means good manners, literally ""the way of the land"". Also used for ""via / by way of"".",הַדֶּרֶךְ לַיָּם אֲרֻכָּה.,Ha-derech la-yam aruka.,The road to the sea is long.,Nouns · Places,94
To work,עוֹבֵד / עוֹבֶדֶת,Oved / Ovedet,inf. La-avod לַעֲבוֹד,"oh-VED — an OVERWORKED employee. Avoda = work; the root a-v-d also gave us ""slave"" (eved).",הִיא עוֹבֶדֶת בְּמִשְׂרָד גָּדוֹל.,Hi ovedet be-misrad gadol.,She works in a big office.,Verbs · Money & work,95
To pay,מְשַׁלֵּם / מְשַׁלֶּמֶת,Meshalem / Meshalemet,inf. Le-shalem לְשַׁלֵּם,me-sha-LEM — paying makes things SHALEM (whole/complete) — same root as shalom. You settle the debt.,אֲנִי מְשַׁלֵּם בְּכַרְטִיס אַשְׁרַאי.,Ani meshalem be-cartis ashrai.,I'm paying by credit card.,Verbs · Money & work,95
To buy,קוֹנֶה / קוֹנָה,Kone / Kona,inf. Lik-not לִקְנוֹת,"KO-neh — you buy an ice cream CONE, eh? Kniya = a purchase; kniyot = shopping.",אֲנַחְנוּ קוֹנִים יְרָקוֹת בַּשּׁוּק.,Anachnu konim yerakot ba-shuk.,We buy vegetables at the market.,Verbs · Money & work,95
To receive / to get,מְקַבֵּל / מְקַבֶּלֶת,Mekabel / Mekabelet,inf. Le-kabel לְקַבֵּל,"me-ka-BEL — the Kabbalah is ""the received tradition"". Kabbala is also the receipt you get at a shop.",אֲנִי מְקַבֵּל מִכְתָּב.,Kibalti matana yafa. / Ani mekabel michtav.,I'm receiving a letter.,Verbs · Money & work,95
To choose,בּוֹחֵר / בּוֹחֶרֶת,Bocher / Bocheret,inf. Liv-chor לִבְחוֹר,BO-cher — you choose a BACHELOR from the lineup. Bechira = choice/election.,קָשֶׁה לִי לִבְחוֹר מֵהַתַּפְרִיט.,Kashe li livchor mi-ha-tafrit.,It's hard for me to choose from the menu.,Verbs · Money & work,95
Store / shop,חֲנוּת,Chanut,pl. Chanuyot חֲנוּיוֹת,"cha-NOOT — a shop where you HAND OUT goods. Sounds like ""HA-noot"".",הַחֲנוּת סְגוּרָה בְּשַׁבָּת.,Ha-chanut sgura be-shabbat.,The store is closed on Saturday.,Nouns · Places,96
Office,מִשְׂרָד,Misrad,pl. Misradim מִשְׂרָדִים,mis-RAD — the mi- place-prefix again + sherut (service). A misrad is also a government ministry.,אֲנִי עוֹבֵד בַּמִּשְׂרָד מִתֵּשַׁע עַד חָמֵשׁ.,Ani oved ba-misrad me-tesha ad chamesh.,I work in the office from nine to five.,Nouns · Places,96
School,בֵּית סֵפֶר,Beit sefer,pl. Batei sefer בָּתֵּי סֵפֶר,"Literally ""house of book"". Bayit becomes beit when glued to another noun — beit cholim (hospital, ""house of the sick""), beit kafe (café).",הַיְּלָדִים הוֹלְכִים לְבֵית סֵפֶר בַּבֹּקֶר.,Ha-yeladim holchim le-beit sefer ba-boker.,The children go to school in the morning.,Nouns · Places,96
Library,סִפְרִיָּה,Sifria,pl. Sifriyot סִפְרִיּוֹת,"sif-ree-YA — from sefer (book) + the -iya ending Hebrew uses for shops and places: sifriya, pitzeriya, mispara (barber).",אֲנִי מַחְזִירָה סְפָרִים לַסִּפְרִיָּה.,Ani machzira sfarim la-sifria.,I'm returning books to the library.,Nouns · Places,96
Hotel,מָלוֹן,Malon,pl. Melonot מְלוֹנוֹת,"ma-LON — from lalun, ""to stay the night"". Careful: malon = hotel, melon = the fruit.",הִזְמַנְתִּי חֶדֶר בַּמָּלוֹן לְשָׁלוֹשׁ לֵילוֹת.,Hazmanti cheder ba-malon le-shalosh laylot.,I booked a room at the hotel for three nights.,Nouns · Places,96
Fast / quick,מָהִיר / מְהִירָה,Mahir / Mehira,pl. Mehirim / Mehirot מְהִירִים / מְהִירוֹת,"ma-HEER — maher is the adverb, ""quickly"": ""Bo maher!"" = ""Come quickly!""",הָרַכֶּבֶת מְהִירָה מֵהָאוֹטוֹבּוּס.,Ha-rakevet mehira me-ha-otobus.,The train is faster than the bus.,Adjectives · Qualities,99
Slow,אִטִּי / אִטִּית,Iti / Itit,pl. Itiyim / Itiyot אִטִּיִּים / אִטִּיּוֹת,"ee-TEE — the adverb is le'at, ""slowly"": ""Le'at, le'at"" = ""Slowly, slowly"" — a very Israeli piece of advice.",הָאִינְטֶרְנֶט פֹּה אִטִּי מְאוֹד.,Ha-internet po iti me'od.,The internet here is very slow.,Adjectives · Qualities,99
Close / near,קָרוֹב / קְרוֹבָה,Karov / Krova,pl. Krovim / Krovot קְרוֹבִים / קְרוֹבוֹת,"ka-ROV — a krov mishpacha is a relative — someone ""close"". Also from lekarev, to bring near.",הַחֲנוּת קְרוֹבָה לַבַּיִת.,Ha-chanut krova la-bayit.,The store is close to the house.,Adjectives · Qualities,99
Far,רָחוֹק / רְחוֹקָה,Rachok / Rechoka,pl. Rechokim / Rechokot רְחוֹקִים / רְחוֹקוֹת,"ra-CHOK — sounds like a long throw: ""ra-CHOOOK"". The opposite of karov.",נְמַל הַתְּעוּפָה רָחוֹק מִפֹּה.,Ha-nemal te'ufa rachok me-po.,The airport is far from here.,Adjectives · Qualities,99
Straight / straight ahead,יָשָׁר,Yashar,pl. Yesharim / Yesharot יְשָׁרִים / יְשָׁרוֹת,"ya-SHAR — Yisrael means ""one who wrestles with God"", but yashar on its own means straight and upright. Directions: ""Tamshich yashar!""",תַּמְשִׁיךְ יָשָׁר וְאָז שְׂמֹאלָה.,Tamshich yashar ve-az smola.,Continue straight and then left.,Adjectives · Qualities,99
Airport,נְמַל תְּעוּפָה,Nemal te'ufa,pl. Nimlei te'ufa נִמְלֵי תְּעוּפָה,"namal = a port, te'ufa = flying. An airport is literally ""a port of flight"".",אֲנַחְנוּ מַגִּיעִים לִנְמַל הַתְּעוּפָה בְּאַרְבַּע.,Anachnu magi'im le-nemal ha-te'ufa be-arba.,We arrive at the airport at four.,Nouns · Places,100
Station / stop,תַּחֲנָה,Tachana,pl. Tachanot תַּחֲנוֹת,"ta-cha-NA — from lachanot, ""to encamp"": a station is where you camp for a moment. Tachana merkazit = central bus station.",הַתַּחֲנָה הַבָּאָה הִיא שֶׁלִּי.,Ha-tachana ha-ba'a hi sheli.,The next stop is mine.,Nouns · Places,100
Passport,דַּרְכּוֹן,Darkon,pl. Darkonim דַּרְכּוֹנִים,"dar-KON — from derech (road/way): a passport is your ""road document"".",אַל תִּשְׁכַּח אֶת הַדַּרְכּוֹן בַּבַּיִת!,Al tishkach et ha-darkon ba-bayit!,Don't forget your passport at home!,Nouns · Places,100
Trip / hike,טִיּוּל,Tiyul,pl. Tiyulim טִיּוּלִים,tee-YOOL — Israelis are obsessed with the tiyul. It covers everything from a stroll to a six-month backpacking trek.,אֲנַחְנוּ עוֹשִׂים טִיּוּל בַּצָּפוֹן.,Anachnu osim tiyul ba-tzafon.,We're taking a trip in the north.,Nouns · Places,100
Traffic / movement,תְּנוּעָה,Tnu'a,,"tnu-A — from lanua, ""to move"". Also means a political or youth movement, and a Hebrew vowel.",יֵשׁ הַרְבֵּה תְּנוּעָה בַּבֹּקֶר.,Yesh harbeh tnu'a ba-boker.,There's a lot of traffic in the morning.,Nouns · Places,100
To rent (from someone),שׂוֹכֵר / שׂוֹכֶרֶת,Socher / Socheret,inf. Lis-kor לִשְׂכּוֹר,SO-cher — you're the one who SEARCHES for a place. S-ch-r = wages/hire. This is the tenant's verb.,אֲנַחְנוּ שׂוֹכְרִים דִּירָה בְּתֵל אָבִיב.,Anachnu socharim dira be-Tel Aviv.,We're renting an apartment in Tel Aviv.,Verbs · Money & work,101
To rent out (to someone),מַשְׂכִּיר / מַשְׂכִּירָה,Maskir / Maskira,inf. Le-haskir לְהַשְׂכִּיר,mas-KEER — the ma-/me- prefix makes it causative: you CAUSE someone to rent. This is the landlord's verb.,הוּא מַשְׂכִּיר אֶת הַדִּירָה לְסְטוּדֶנְטִים.,Hu maskir et ha-dira le-studentim.,He rents out the apartment to students.,Verbs · Money & work,101
To return (something),מַחְזִיר / מַחְזִירָה,Machzir / Machzira,inf. Le-hachzir לְהַחְזִיר,mach-ZEER — chozer = you go back; machzir = you SEND something back. Same pattern as socher/maskir.,אֲנִי מַחְזִירָה אֶת הַסֵּפֶר לַסִּפְרִיָּה.,Ani machzira et ha-sefer la-sifria.,I'm returning the book to the library.,Verbs · Money & work,101
To keep / to save,שׁוֹמֵר / שׁוֹמֶרֶת,Shomer / Shomeret,inf. Lish-mor לִשְׁמוֹר,"Same verb as ""to guard"" — in Hebrew, keeping and guarding are one idea. Lishmor al = to take care of.",אֲנִי שׁוֹמֶרֶת אֶת הַקַּבָּלוֹת.,Ani shomeret et ha-kabalot.,I keep the receipts.,Verbs · Money & work,101
To steal,גּוֹנֵב / גּוֹנֶבֶת,Gonev / Gonevet,inf. Lig-nov לִגְנוֹב,"GO-nev — a GONIF is Yiddish for a thief, straight from this Hebrew root. ""Lo tignov"" = Thou shalt not steal.",מִישֶׁהוּ גָּנַב לִי אֶת הָאוֹפַנַּיִם.,Mishehu ganav li et ha-ofanayim.,Someone stole my bicycle.,Verbs · Money & work,101
Entrance,כְּנִיסָה,Knisa,pl. Knisot כְּנִיסוֹת,"knee-SA — from lehikanes, ""to enter"". You'll see כניסה on every doorway in Israel.",הַכְּנִיסָה לַמּוּזֵאוֹן חִנָּם.,Ha-knisa la-muzeon chinam.,Entrance to the museum is free.,Nouns · Places,102
Exit,יְצִיאָה,Yetzia,pl. Yetziot יְצִיאוֹת,yetz-ee-A — from latzet (to go out). Yetziat Mitzrayim = the Exodus from Egypt. Learn it as the pair to knisa.,אֵיפֹה הַיְּצִיאָה הַקְּרוֹבָה?,Eifo ha-yetzia ha-krova?,Where's the nearest exit?,Nouns · Places,102
Lake,אֲגַם,Agam,pl. Agamim אֲגַמִּים,a-GAM — a lake you'd want to go swimming in AGAIN.,הָאֲגַם שָׁקֵט בַּבֹּקֶר.,Ha-agam shaket ba-boker.,The lake is quiet in the morning.,Nouns · Places,102
Truck / van,מַשָּׂאִית,Masa'it,pl. Masa'iot מַשָּׂאִיּוֹת,"ma-sa-EET — from masa, ""a load"". A truck is ""the load-carrier"".",הַמַּשָּׂאִית חוֹסֶמֶת אֶת הַדֶּרֶךְ.,Ha-masa'it chosemet et ha-derech.,The truck is blocking the road.,Nouns · Places,102
Service / bathroom (pl.),שֵׁרוּת,Sherut,pl. Sherutim שֵׁרוּתִים,"she-ROOT — from lesharet, to serve. Useful trap: in the plural, sherutim means ""the toilets"". A sherut is also a shared taxi.","אֵיפֹה הַשֵּׁרוּתִים, בְּבַקָּשָׁה?","Eifo ha-sherutim, bevakasha?","Where's the bathroom, please?",Nouns · Places,102
Weekend,סוֹף שָׁבוּעַ,Sof shavua,,"sof = end, shavua = week. ""End of week"" — and in Israel that's Friday–Saturday, not Saturday–Sunday.",מָה אַתְּ עוֹשָׂה בְּסוֹף שָׁבוּעַ?,Ma at osa be-sof shavua?,What are you doing this weekend?,Nouns · Places,102
Book,סֵפֶר,Sefer,pl. Sfarim סְפָרִים,"SEH-fer — the Sefer Torah. Also sofer (writer), sifriya (library), sipur (story) — one big family.",הַסֵּפֶר הַזֶּה מְעַנְיֵן מְאוֹד.,Ha-sefer ha-ze me'anyen me'od.,This book is very interesting.,Nouns · Words & paper,103
Story,סִפּוּר,Sipur,pl. Sipurim סִפּוּרִים,"see-POOR — from lesaper (to tell). ""Ze sipur acher"" = ""that's another story.""",סָבָּא מְסַפֵּר סִפּוּר לִפְנֵי הַשֵּׁנָה.,Saba mesaper sipur lifnei ha-sheina.,Grandpa tells a story before bed.,Nouns · Words & paper,103
Word,מִלָּה,Mila,pl. Milim מִלִּים,mee-LA — a MILLION words to learn. (Mila also means circumcision — brit mila — from a different root.),אֲנִי לוֹמֶדֶת חָמֵשׁ מִלִּים חֲדָשׁוֹת כָּל יוֹם.,Ani lomedet chamesh milim chadashot kol yom.,I learn five new words every day.,Nouns · Words & paper,103
Page / pillar,עַמּוּד,Amud,pl. Amudim עַמּוּדִים,"a-MOOD — from la'amod (to stand): a pillar stands, and a page ""stands"" in a book. Same word for both.",תִּפְתְּחוּ אֶת הַסֵּפֶר בְּעַמּוּד עֶשְׂרִים.,Tiftechu et ha-sefer be-amud esrim.,Open the book to page twenty.,Nouns · Words & paper,103
Lesson / class,שִׁיעוּר,Shiur,pl. Shiurim שִׁיעוּרִים,"shee-OOR — a shiur is a Torah class, and also a school lesson. Shiurei bayit = homework.",יֵשׁ לִי שִׁיעוּר עִבְרִית בְּאַרְבַּע.,Yesh li shiur ivrit be-arba.,I have a Hebrew lesson at four.,Nouns · Words & paper,103
To begin / to start,מַתְחִיל / מַתְחִילָה,Matchil / Matchila,inf. Le-hatchil לְהַתְחִיל,mat-CHEEL — you start and then you CHILL. Hatchala = a beginning.,הַסֶּרֶט מַתְחִיל בִּשְׁמוֹנֶה.,Ha-seret matchil be-shmoneh.,The movie starts at eight.,Verbs · Change,106
To continue,מַמְשִׁיךְ / מַמְשִׁיכָה,Mamshich / Mamshicha,inf. Le-hamshich לְהַמְשִׁיךְ,mam-SHEECH — you keep going and it's a long SCHLEP. Hemshech = a sequel/continuation.,תַּמְשִׁיכִי לָלֶכֶת יָשָׁר.,Tamshichi lalechet yashar.,Keep walking straight ahead.,Verbs · Change,106
To finish,גּוֹמֵר / גּוֹמֶרֶת,Gomer / Gomeret,inf. Lig-mor לִגְמֹר,"GO-mer — ""GO, MORE? No — I'm done."" Gamarnu! = ""We're finished!""",אֲנִי גּוֹמֶרֶת אֶת הָעֲבוֹדָה בְּחָמֵשׁ.,Ani gomeret et ha-avoda be-chamesh.,I finish work at five.,Verbs · Change,106
To stop,עוֹצֵר / עוֹצֶרֶת,Otzer / Otzeret,inf. La-atzor לַעֲצֹר,"oh-TSER — the red octagon says עֲצוֹר (atzor) on every Israeli road. Think ""OH! STOP-zer.""",הָאוֹטוֹבּוּס עוֹצֵר בַּתַּחֲנָה הַבָּאָה.,Ha-otobus otzer ba-tachana ha-ba'a.,The bus stops at the next station.,Verbs · Change,106
To change,מְשַׁנֶּה / מְשַׁנָּה,Meshane / Meshana,inf. Le-shanot לְשַׁנּוֹת,"me-sha-NEH — shana = year, and every year things change. Lo meshane = ""it doesn't matter / never mind"".",הוּא מְשַׁנֶּה אֶת הַתָּכְנִית כָּל יוֹם.,Hu meshane et ha-tochnit kol yom.,He changes the plan every day.,Verbs · Change,106
Early,מוּקְדָם / מוּקְדֶמֶת,Mukdam / Mukdemet,pl. Mukdamim / Mukdamot מוּקְדָמִים / מוּקְדָמוֹת,"muk-DAM — from kodem, ""before/prior"". Also used as an adverb: ""Kamti mukdam"" = ""I got up early"".",הִגַּעְתִּי מֻקְדָּם לַפְּגִישָׁה.,Higati mukdam la-pgisha.,I arrived early to the meeting.,Adjectives · Time,107
Late,מְאוּחָר / מְאוּחֶרֶת,Me'uchar / Me'ucheret,pl. Me'ucharim / Me'ucharot מְאוּחָרִים / מְאוּחָרוֹת,"me-u-CHAR — from achar, ""after"". Related to acharei (after) and acharon (last) — a whole family.","כְּבָר מְאוּחָר, אֲנִי הוֹלֵךְ הַבַּיְתָה.","Kvar me'uchar, ani holech ha-baita.","It's already late, I'm going home.",Adjectives · Time,107
First,רִאשׁוֹן / רִאשׁוֹנָה,Rishon / Rishona,pl. Rishonim / Rishonot רִאשׁוֹנִים / רִאשׁוֹנוֹת,"ree-SHON — from rosh (head): first is at the head. Yom rishon = Sunday, the ""first day"".",זֶה הַפַּעַם הָרִאשׁוֹנָה שֶׁלִּי פֹּה.,Ze ha-pa'am ha-rishona sheli po.,This is my first time here.,Adjectives · Time,107
Last,אַחֲרוֹן / אַחֲרוֹנָה,Acharon / Acharona,pl. Acharonim / Acharonot אַחֲרוֹנִים / אַחֲרוֹנוֹת,"a-cha-RON — from achar, after. The last one comes after everyone. Pairs with rishon.",זֶה הָאוֹטוֹבּוּס הָאַחֲרוֹן לַלַּיְלָה.,Ze ha-otobus ha-acharon la-laila.,This is the last bus of the night.,Adjectives · Time,107
Ready,מוּכָן / מוּכָנָה,Muchan / Muchana,pl. Muchanim / Muchanot מוּכָנִים / מוּכָנוֹת,"mu-CHAN — from lehachin, to prepare. ""At muchana?"" = ""Are you ready?"" — you'll hear it constantly.","הָאֲרוּחָה מוּכָנָה, בּוֹאוּ לֶאֱכוֹל.","Ha-arucha muchana, bo'u le-echol.","The meal is ready, come eat.",Adjectives · Time,107
Pen,עֵט,Et,pl. Etim עֵטִים,"ET — two letters, like a pen stroke. Careful with the sound-alike et (אֶת), the object marker you use in every sentence.",יֵשׁ לְךָ עֵט? אֲנִי רוֹצָה לִכְתֹּב מַשֶּׁהוּ.,Yesh lecha et? Ani rotza lichtov mashehu.,Do you have a pen? I want to write something.,Nouns · Words & paper,108
Pencil,עִפָּרוֹן,Iparon,pl. Efronot עֶפְרוֹנוֹת,"ee-pa-RON — from afar, ""dust/graphite"". A pencil is the dusty writer.","הָעִפָּרוֹן שָׁבוּר, צָרִיךְ לְחַדֵּד אוֹתוֹ.","Ha-iparon shavur, tzarich lechadhed oto.","The pencil is broken, it needs sharpening.",Nouns · Words & paper,108
Notebook,מַחְבֶּרֶת,Machberet,pl. Machbarot מַחְבָּרוֹת,"mach-BEH-ret — from lechaber, ""to join/compose"": a notebook is bound pages joined together. Chaver (friend) is the same root — one who is joined to you.",אֲנִי כּוֹתֶבֶת אֶת הַמִּלִּים בַּמַּחְבֶּרֶת.,Ani kotevet et ha-milim ba-machberet.,I write the words in the notebook.,Nouns · Words & paper,108
Chalk,גִּיר,Gir,pl. Girim גִּירִים,"GEER — chalk that makes you go ""GRR"" when it squeaks.",הַמּוֹרָה כּוֹתֶבֶת בְּגִיר עַל הַלּוּחַ.,Ha-mora kotevet be-gir al ha-luach.,The teacher writes with chalk on the board.,Nouns · Words & paper,108
Line,קַו,Kav,pl. Kavim קַוִּים,"KAV — two letters, straight like a line. Also a bus route: kav 5 = the number 5 line.",צַיֵּר קַו יָשָׁר בַּמַּחְבֶּרֶת.,Tzayer kav yashar ba-machberet.,Draw a straight line in the notebook.,Nouns · Words & paper,108
Letter / message,מִכְתָּב,Michtav,pl. Michtavim מִכְתָּבִים,mich-TAV — from lichtov (to write). Note: this is a letter you MAIL. A letter of the alphabet is an ot.,קִבַּלְתִּי מִכְתָּב מֵהַבַּנְק.,Kibalti michtav me-ha-banak.,I got a letter from the bank.,Nouns · Words & paper,109
Newspaper,עִתּוֹן,Iton,pl. Itonim עִתּוֹנִים,"ee-TON — from et, ""time"": a newspaper is ""the time-thing"", like the English ""Times"".",אַבָּא קוֹרֵא עִתּוֹן כָּל בֹּקֶר.,Aba kore iton kol boker.,Dad reads a newspaper every morning.,Nouns · Words & paper,109
News,—,— (plural only),pl. Chadashot חֲדָשׁוֹת,"cha-da-SHOT — literally ""new things"", the plural of chadash (new). Only ever used in the plural.",הַחֲדָשׁוֹת מַתְחִילוֹת בִּשְׁמוֹנֶה.,Ha-chadashot mat-chilot be-shmoneh.,The news starts at eight.,Nouns · Words & paper,109
Number,מִסְפָּר,Mispar,pl. Misparim מִסְפָּרִים,"mis-PAR — from lispor, ""to count"". Sounds like ""miss PAR"" — off by a number.",מָה מִסְפַּר הַטֶּלֶפוֹן שֶׁלְּךָ?,Ma mispar ha-telefon shelcha?,What's your phone number?,Nouns · Words & paper,109
Answer / reply,תְּשׁוּבָה,Tshuva,pl. Tshuvot תְּשׁוּבוֹת,"tshoo-VA — from lashuv, ""to return"": an answer is what comes back. Also ""repentance"" — a return to the right path.",אֵין לִי תְּשׁוּבָה לַשְּׁאֵלָה הַזֹּאת.,Ein li tshuva la-she'ela ha-zo.,I don't have an answer to this question.,Nouns · Words & paper,109
Picture / photo,תְּמוּנָה,Tmuna,pl. Tmunot תְּמוּנוֹת,tmoo-NA — think of a picture you MOUNT on the wall: t-MOUNT-a.,יֵשׁ תְּמוּנוֹת יָפוֹת עַל הַקִּיר.,Yesh tmunot yafot al ha-kir.,There are beautiful pictures on the wall.,Nouns · Words & paper,110
Drawing,צִיּוּר,Tziur,pl. Tziurim צִיּוּרִים,"tsee-YOOR — from letzayer, to draw, and tzayar, a painter. A tziur is what a tzayar makes.",הַצִּיּוּר שֶׁל הַיַּלְדָּה צִבְעוֹנִי.,Ha-tziur shel ha-yalda tzivoni.,The girl's drawing is colorful.,Nouns · Words & paper,110
Example,דֻּגְמָה,Dugma,pl. Dugmaot דֻּגְמָאוֹת,"DOOG-ma — same root as dugman, a model. Lemashal / le-dugma = ""for example"".","תֵּן לִי דֻּגְמָה, בְּבַקָּשָׁה.","Ten li dugma, bevakasha.","Give me an example, please.",Nouns · Words & paper,110
Information,מֵידָע,Meida,,"may-DA — from lada'at, ""to know"": information is ""knowable stuff"". You'll see מידע on every info desk.",אֵין לִי מַסְפִּיק מֵידָע עַל הַטִּיּוּל.,Ein li mespik meida al ha-tiyul.,I don't have enough information about the trip.,Nouns · Words & paper,110
Booklet / pamphlet,חוֹבֶרֶת,Choveret,pl. Chovrot חוֹבְרוֹת,"cho-VEH-ret — from lechaber (to join), just like machberet. A choveret is a thin stapled booklet.",קִבַּלְתִּי חוֹבֶרֶת עִם כָּל הַפְּרָטִים.,Kibalti choveret im kol ha-prati'im.,I got a booklet with all the details.,Nouns · Words & paper,110
Workbook,חוֹבֶרֶת עֲבוֹדָה,Choveret avoda,pl. Chovrot avoda חוֹבְרוֹת עֲבוֹדָה,Booklet + avoda (work). Hebrew stacks nouns to build compounds — you've now seen this a dozen times.,הַתַּלְמִידִים פּוֹתְחִים אֶת חוֹבֶרֶת הָעֲבוֹדָה.,Ha-talmidim potchim et choveret ha-avoda.,The students open the workbook.,Nouns · Words & paper,110
To become / to turn into,הוֹפֵךְ / הוֹפֶכֶת,Hofech / Hofechet,inf. La-hafoch לַהֲפוֹךְ,"HO-fech — to flip something over. Hafuch is the Israeli latte — literally ""upside down"" coffee.",הַמַּיִם הוֹפְכִים לְקֶרַח.,Ha-mayim hofchim le-kerach.,The water turns into ice.,Verbs · Change,113
To grow,גָּדֵל / גְּדֵלָה,Gadel / Gdela,inf. Lig-dol לִגְדּוֹל,ga-DEL — one letter from gadol (big). To grow is to become gadol.,הַיְּלָדִים גְּדֵלִים כָּל כָּךְ מַהֵר.,Ha-yeladim gdelim kol kach maher.,The children grow so fast.,Verbs · Change,113
To bloom / to blossom,פּוֹרֵחַ / פּוֹרַחַת,Poreach / Porachat,inf. Lif-roach לִפְרֹחַ,"po-RE-ach — perach means flower; to bloom is to ""do a flower"". Same root: p-r-ch.",הַפְּרָחִים פּוֹרְחִים בָּאָבִיב.,Ha-prachim porchim ba-aviv.,The flowers bloom in spring.,Verbs · Change,113
To build,בּוֹנֶה / בּוֹנָה,Bone / Bona,inf. Liv-not לִבְנוֹת,BO-neh — the BONES of a house. Binyan = a building (and also the name for a Hebrew verb pattern).,הֵם בּוֹנִים בַּיִת חָדָשׁ בַּשְּׁכוּנָה.,Hem bonim bayit chadash ba-shchuna.,They're building a new house in the neighborhood.,Verbs · Change,113
To create,יוֹצֵר / יוֹצֶרֶת,Yotzer / Yotzeret,inf. Li-tzor לִיצוֹר,yo-TSER — the Yotzer is the Creator in Hebrew liturgy. Yetzira = a creation/artwork.,הָאָמָּנִית יוֹצֶרֶת מוּזִיקָה חֲדָשָׁה.,Ha-omanit yotzeret muzika chadasha.,The artist creates new music.,Verbs · Change,113
Hour / o'clock,שָׁעָה,Sha'a,pl. Sha'ot שָׁעוֹת,"sha-A — related to shaon (watch/clock). Ma ha-sha'a? = ""What time is it?""",חִכִּיתִי שָׁעָה שְׁלֵמָה.,Chikiti sha'a shlema.,I waited a whole hour.,Nouns · Time,114
Minute,דַּקָּה,Daka,pl. Dakot דַּקּוֹת,"da-KA — from dak, ""thin/fine"": a minute is a fine slice of an hour. ""Rega, daka!"" = ""Wait, one minute!""",אֲנִי מַגִּיעַ בְּעֶשֶׂר דַּקּוֹת.,Ani magi'a be-eser dakot.,I'll arrive in ten minutes.,Nouns · Time,114
Second,שְׁנִיָּה,Shniya,pl. Shniyot שְׁנִיּוֹת,"shnee-YA — from shtayim/sheni, ""two/second"". Just like English: the ""second"" division of an hour.","רַק שְׁנִיָּה, אֲנִי בָּא!","Rak shniya, ani ba!","Just a second, I'm coming!",Nouns · Time,114
Year,שָׁנָה,Shana,pl. Shanim שָׁנִים,"sha-NA — Rosh Hashana = ""head of the year"". Shana tova = happy new year.",אֲנִי גָּר פֹּה שָׁלוֹשׁ שָׁנִים.,Ani gar po shalosh shanim.,I've lived here for three years.,Nouns · Time,114
Month,חֹדֶשׁ,Chodesh,pl. Chodashim חֳדָשִׁים,"CHO-desh — from chadash, ""new"": a month begins with the new moon. Watch the near-twins: chodesh (month) vs. chadash (new).","בַּחֹדֶשׁ הַבָּא אֲנַחְנוּ נוֹסְעִים לְחוּ""ל.",Ba-chodesh ha-ba anachnu nos'im le-chul.,Next month we're traveling abroad.,Nouns · Time,114
Available / free / single,פָּנוּי / פְּנוּיָה,Panui / Pnuya,pl. Pnuyim / Pnuyot פְּנוּיִים / פְּנוּיוֹת,"pa-NOO-ee — from lefanot, ""to clear out"". A free table, a free evening, or a single person are all panui.",אַתְּ פְּנוּיָה מָחָר בָּעֶרֶב?,At pnuya machar ba-erev?,Are you free tomorrow evening?,Adjectives · States,115
Busy / occupied,עָסוּק / עֲסוּקָה,Asuk / Asuka,pl. Asukim / Asukot עֲסוּקִים / עֲסוּקוֹת,"a-SOOK — from esek, ""business"". A busy person is deep in their esek.",אֲנִי עֲסוּקָה כָּל הַשָּׁבוּעַ.,Ani asuka kol ha-shavua.,I'm busy all week.,Adjectives · States,115
Quiet,שָׁקֵט / שְׁקֵטָה,Shaket / Shketa,pl. Shketim / Shketot שְׁקֵטִים / שְׁקֵטוֹת,"sha-KET — ""Sheket!"" is what a teacher shouts for silence. Same root as shotek (to be quiet).",הַשְּׁכוּנָה שְׁקֵטָה בַּלַּיְלָה.,Ha-shchuna shketa ba-laila.,The neighborhood is quiet at night.,Adjectives · States,115
Loud / noisy,רַעֲשָׁן / רַעֲשָׁנִית,Ra'ashan / Ra'ashanit,pl. Ra'ashanim / Ra'ashaniyot רַעֲשָׁנִים / רַעֲשָׁנִיּוֹת,"ra-a-SHAN — from ra'ash, noise. A ra'ashan is also the noisemaker you spin at Purim.",הַמִּסְעָדָה רַעֲשָׁנִית מִדַּי.,Ha-mis'ada ra'ashanit mid'i.,The restaurant is too noisy.,Adjectives · States,115
Waiting / looking forward to,מְחַכֶּה / מְחַכָּה,Mechakeh / Mechaka,pl. Mechakim / Mechakot מְחַכִּים / מְחַכּוֹת,"me-cha-KEH — from lechakot, to wait. ""Ani mechakeh le…"" is how you say you're looking forward to something.",אֲנִי מְחַכָּה לְסוֹף שָׁבוּעַ.,Ani mechaka la-sof shavua.,I'm looking forward to the weekend.,Adjectives · States,115
Beginning,הַתְחָלָה,Hatchala,pl. Hatchalot הַתְחָלוֹת,"hat-cha-LA — from lehatchil (to begin). Bereshit, the first word of the Torah, means ""in the beginning"" — but hatchala is the everyday word.",זֶה רַק הַהַתְחָלָה.,Ze rak ha-hatchala.,This is only the beginning.,Nouns · Time,116
Past,עָבָר,Avar,,"a-VAR — from la'avor, ""to pass"": the past is what has passed. It's also the name of the past tense — your Phase 2 material.",בֶּעָבָר גַּרְתִּי בִּירוּשָׁלַיִם.,Ba-avar garti be-Yerushalayim.,In the past I lived in Jerusalem.,Nouns · Time,116
Break / pause / intermission,הַפְסָקָה,Hafsaka,pl. Hafsakot הַפְסָקוֹת,"haf-sa-KA — from lehafsik, ""to stop"". School recess, a coffee break, and a theatre intermission are all a hafsaka.",בּוֹאִי נִקַּח הַפְסָקָה שֶׁל עֶשֶׂר דַּקּוֹת.,Bo'i nikach hafsaka shel eser dakot.,Let's take a ten-minute break.,Nouns · Time,116
Board / calendar,לוּחַ,Luach,pl. Luchot לוּחוֹת,"LOO-ach — the Ten Commandments were on luchot ha-brit, stone tablets. A luach shana is a yearly calendar, and a classroom blackboard is a luach too.",הַלּוּחַ תָּלוּי עַל הַקִּיר בַּמִּטְבָּח.,Ha-luach talui al ha-kir ba-mitbach.,The calendar hangs on the kitchen wall.,Nouns · Time,116
To search / to look for,מְחַפֵּשׂ / מְחַפֶּשֶׂת,Mechapes / Mechapeset,inf. Le-chapes לְחַפֵּשׂ,me-cha-PES — searching until you're out of PEP. Chipus = a search.,אֲנִי מְחַפֶּשֶׂת אֶת הַמִּשְׁקָפַיִם שֶׁלִּי.,Ani mechapeset et ha-mishkafayim sheli.,I'm looking for my glasses.,Verbs · Investigating,117
To find,מוֹצֵא / מוֹצֵאת,Motze / Motzet,inf. Lim-tzo לִמְצוֹא,"mo-TSEH — ""MAZEL! I found it."" Metzia = a bargain, literally ""a find"".",אֲנִי לֹא מוֹצֵאת אֶת הַכְּתֹבֶת בַּמַּפָּה.,Lo motzet et ha-ketovet ba-mapa.,I can't find the address on the map.,Verbs · Investigating,117
To find out / to discover,מְגַלֶּה / מְגַלָּה,Megale / Megala,inf. Le-galot לְגַלּוֹת,"me-ga-LEH — to un-cover, like a GALLERY revealing a painting. Gilui = a discovery.",אֲנִי מְגַלֶּה מָה קָרָה.,Giliti sod. / Ani megale ma kara.,I'm finding out what happened.,Verbs · Investigating,117
To check,בּוֹדֵק / בּוֹדֶקֶת,Bodek / Bodeket,inf. Liv-dok לִבְדּוֹק,BO-dek — a doctor checks you on the DECK. Bdika = a test/checkup.,הָרוֹפֵא בּוֹדֵק אֶת הַחוֹלִים.,Ha-rofe bodek et ha-cholim.,The doctor examines the patients.,Verbs · Investigating,117
To include,כּוֹלֵל / כּוֹלֶלֶת,Kolel / Kolelet,inf. Lich-lol לִכְלוֹל,"KO-lel — from kol (all): to include is to take in ALL of it. Ha-mechir kolel… = ""the price includes…""",הַמְּחִיר כּוֹלֵל אֲרוּחָה וּשְׁתִיָּה.,Ha-mechir kolel arucha ve-shtiya.,The price includes a meal and a drink.,Verbs · Investigating,117
Idea,רַעְיוֹן,Ra'ayon,pl. Ra'ayonot רַעְיוֹנוֹת,"ra-a-YON — an idea that goes ON and ON. ""Yesh li ra'ayon!"" = ""I have an idea!""",יֵשׁ לִי רַעְיוֹן מְצֻיָּן.,Yesh li ra'ayon metzuyan.,I have an excellent idea.,Nouns · Abstract,120
Reason / cause,סִבָּה,Siba,pl. Sibot סִבּוֹת,"SEE-ba — a reason you can SEE. Mi-siba she… = ""for the reason that…""",אֵין סִבָּה לִדְאֹג.,Ein siba lidog.,There's no reason to worry.,Nouns · Abstract,120
Truth,אֱמֶת,Emet,,"eh-MET — say AMEN and you affirm the emet. Same root a-m-n as ""believe"".","תַּגִּיד לִי אֶת הָאֱמֶת, בְּבַקָּשָׁה.","Tagid li et ha-emet, bevakasha.","Tell me the truth, please.",Nouns · Abstract,120
Mistake / error,טָעוּת,Ta'ut,pl. Ta'uyot טָעֻיּוֹת,"ta-OOT — you went off route: ""ta-OUT of the way"". ""Ta'ut be-mispar"" = ""wrong number"" on the phone.",עָשִׂיתִי טָעוּת בַּחֶשְׁבּוֹן.,Asiti ta'ut ba-cheshbon.,I made a mistake in the calculation.,Nouns · Abstract,120
Difference,הֶבְדֵּל,Hevdel,pl. Hevdelim הֶבְדֵּלִים,"hev-DEL — from lehavdil, ""to separate"". Havdala is the Saturday-night ceremony separating Shabbat from the week.",מָה הַהֶבְדֵּל בֵּין הַשְּׁנַיִם?,Ma ha-hevdel ben ha-shnayim?,What's the difference between the two?,Nouns · Abstract,120
Only / just,רַק,Rak,,"RAK — ""RACK up only one."" Tiny word, enormous usage: ""Rak rega!"" = ""Just a moment!""",יֵשׁ לִי רַק חָמֵשׁ דַּקּוֹת.,Yesh li rak chamesh dakot.,I only have five minutes.,Connectors · Limits,121
Except for / apart from,חוּץ מִ־,Chutz mi-,,"chutz = outside, mi- = from. ""Outside of"" — everything except that. Note how it pairs with bachutz below.",כֻּלָּם בָּאוּ חוּץ מִדָּנִי.,Kulam ba'u chutz mi-Dani.,Everyone came except Dani.,Connectors · Limits,121
Even,אֲפִילוּ,Afilu,,"a-fee-LOO — ""a FEE, TOO?! Even that?"" Afilu lo = ""not even"".",הוּא עוֹבֵד אֲפִילוּ בְּשַׁבָּת.,Hu oved afilu be-shabbat.,He works even on Saturday.,Connectors · Limits,121
Most / -est,הֲכִי / רֹב,Hachi / Rov,,"ha-CHEE makes superlatives: hachi tov = the best, hachi gadol = the biggest. Rov means ""the majority of"": rov ha-anashim = most people.",זֶה הַמָּקוֹם הֲכִי יָפֶה בָּעִיר.,Ze ha-makom hachi yafe ba-ir.,This is the most beautiful place in the city.,Connectors · Limits,121
Outside,בַּחוּץ,Bachutz,,"ba-CHOOTS — be- (in) + chutz (outside). Chul (חו""ל) is the abbreviation for ""abroad"", literally ""outside the land"".","קַר בַּחוּץ, תִּסְגֹּר אֶת הַדֶּלֶת.","Kar bachutz, tisgor et ha-delet.","It's cold outside, close the door.",Connectors · Limits,121
Confusion / chaos,בִּלְבּוּל,Bilbul,pl. Bilbulim בִּלְבּוּלִים,"bil-BOOL — from the Tower of BABEL (Bavel), where all the languages got confused. The word even sounds jumbled.",הָיָה בִּלְבּוּל גָּדוֹל בַּתַּחֲנָה.,Haya bilbul gadol ba-tachana.,There was a big mix-up at the station.,Nouns · Abstract,122
Color,צֶבַע,Tzeva,pl. Tzva'im צְבָעִים,"TSEH-va — from litzbo'a (to paint). Eize tzeva ata ohev? = ""What color do you like?""",אֵיזֶה צֶבַע הַשִּׂמְלָה שֶׁלָּהּ?,Eize tzeva ha-simla shela?,What color is her dress?,Nouns · Abstract,122
Flag,דֶּגֶל,Degel,pl. Degalim דְּגָלִים,DEH-gel — a flag with a DANGLE. Degel Yisrael = the Israeli flag.,הַדֶּגֶל מִתְנוֹפֵף בָּרוּחַ.,Ha-degel mit-nofef ba-ruach.,The flag waves in the wind.,Nouns · Abstract,122
Gift / present,מַתָּנָה,Matana,pl. Matanot מַתָּנוֹת,"ma-ta-NA — from latet (to give), root n-t-n. A gift is ""a given thing"".",קִבַּלְתִּי מַתָּנָה יָפָה מֵהָאָחוֹת שֶׁלִּי.,Kibalti matana yafa me-ha-achot sheli.,I got a lovely gift from my sister.,Nouns · Abstract,122
Treasure,אוֹצָר,Otzar,pl. Otzarot אוֹצָרוֹת,"o-TSAR — an OZ-like hoard. Sar ha-otzar = the finance minister, ""minister of the treasury"".",הַיְּלָדִים מְחַפְּשִׂים אוֹצָר בַּחוֹל.,Ha-yeladim mechapsim otzar ba-chol.,The children are looking for treasure in the sand.,Nouns · Abstract,122
To garden,מְגַנֵּן / מְגַנֶּנֶת,Meganen / Meganenet,inf. Le-ganen לְגַנֵּן,"me-ga-NEN — a gan is a garden (and a kindergarten — a ""children's garden""). Ganan = gardener.",סַבָּא מְגַנֵּן בַּגַּן כָּל שַׁבָּת.,Saba meganen ba-gan kol shabbat.,Grandpa gardens in the garden every Saturday.,Verbs · Hobbies,123
"To paint (a wall, an object)",צוֹבֵעַ / צוֹבַעַת,Tzovea / Tzovaat,inf. Le-tzabo-a לִצְבֹּעַ,"tso-VEH-a — tzeva = color. To paint is to ""do color"" onto something.",אֲנַחְנוּ צוֹבְעִים אֶת הַקִּיר בְּלָבָן.,Anachnu tzov'im et ha-kir be-lavan.,We're painting the wall white.,Verbs · Hobbies,123
To color (in),צוֹבֵעַ / צוֹבַעַת,Tzovea / Tzovaat,inf. Litz-bo-a לִצְבֹּעַ,"Same word as paint — Hebrew doesn't split ""paint"" and ""color"". Context does the work.",הַיַּלְדָּה צוֹבַעַת אֶת הַצִּיּוּר.,Ha-yalda tzovaat et ha-tziur.,The girl colors in the drawing.,Verbs · Hobbies,123
To play (a game),מְשַׂחֵק / מְשַׂחֶקֶת,Mesachek / Mesacheket,inf. Le-sachek לְשַׂחֵק,me-sa-CHEK — you play and you CHECK the score. Mischak = a game; sachkan = a player/actor.,הַיְּלָדִים מְשַׂחֲקִים כַּדּוּרֶגֶל בַּגַּן.,Ha-yeladim mesachakim kaduregel ba-gan.,The children play soccer in the park.,Verbs · Hobbies,123
To sing,שָׁר / שָׁרָה,Shar / Shara,inf. La-shir לָשִׁיר,"SHAR — shir means ""song"", so lashir = ""to song"". Shir Ha-Shirim = Song of Songs.",הִיא שָׁרָה בְּמַקְהֵלָה.,Hi shara be-mak-hela.,She sings in a choir.,Verbs · Hobbies,123
Flower,פֶּרַח,Perach,pl. Prachim פְּרָחִים,"PEH-rach — from lifro'ach, ""to bloom"". Perach also means a cadet or trainee — someone still blooming.",קָנִיתִי פְּרָחִים לַשֻּׁלְחָן.,Kaniti prachim la-shulchan.,I bought flowers for the table.,Nouns · Abstract,124
Leaf / page,עָלֶה,Aleh,pl. Alim עָלִים,"a-LEH — from la'alot, ""to go up"": a leaf grows upward. Same word family as oleh (immigrant) and aliyah.",הֶעָלִים אֲדֻמִּים בַּסְּתָיו.,Ha-alim adumim ba-stav.,The leaves are red in autumn.,Nouns · Abstract,124
Wave,גַּל,Gal,pl. Galim גַּלִּים,GAL — a wave that gives you a GALLON of water. Galgal (wheel) is gal doubled — something that rolls.,הַגַּלִּים גְּבוֹהִים הַיּוֹם בַּיָּם.,Ha-galim gvohim ha-yom ba-yam.,The waves are high at the sea today.,Nouns · Abstract,124
Pouring rain / flood,מַבּוּל,Mabul,,"ma-BOOL — Noah's Flood is Ha-Mabul. Israelis use it for any downpour: ""Yesh mabul ba-chutz!""","יֵשׁ מַבּוּל בַּחוּץ, אַל תֵּצֵא בְּלִי מְעִיל.","Yesh mabul ba-chutz, al tetze bli me'il.","It's pouring outside, don't go out without a coat.",Nouns · Abstract,124
Ball,כַּדּוּר,Kadur,pl. Kadurim כַּדּוּרִים,ka-DOOR — kadur is also a pill and a bullet — anything small and round. Kadur ha-aretz = the globe; kaduregel = soccer.,הַיְּלָדִים מְשַׂחֲקִים עִם כַּדּוּר בַּגַּן.,Ha-yeladim mesachakim im kadur ba-gan.,The children play with a ball in the park.,Nouns · Abstract,124
Piano,פְּסַנְתֵּר,Psanter,pl. Psanterim פְּסַנְתֵּרִים,"psan-TER — from the Greek ""psalterion"", the same ancestor as ""psalm"" and ""psaltery"".",יֵשׁ פְּסַנְתֵּר יָשָׁן בַּסָּלוֹן.,Yesh psanter yashan ba-salon.,There's an old piano in the living room.,Nouns · Abstract,124
Crab / cancer,סַרְטָן,Sartan,pl. Sartanim סַרְטָנִים,"sar-TAN — like English, the animal and the disease share a name (Latin ""cancer"" = crab). Also the zodiac sign Cancer.",רָאִינוּ סַרְטָן קָטָן עַל הַחוֹף.,Ra'inu sartan katan al ha-chof.,We saw a small crab on the beach.,Nouns · Abstract,124
Safe / sure / certain,בָּטוּחַ / בְּטוּחָה,Batuach / Betucha,pl. Betuchim / Betuchot בְּטוּחִים / בְּטוּחוֹת,"ba-TOO-ach — from betach, ""sure!"" (a very common Israeli ""of course""). It means both ""safe"" and ""certain"": Ani betucha = I'm sure.",הַמָּקוֹם הַזֶּה בָּטוּחַ לַיְּלָדִים.,Ha-makom ha-ze batuach la-yeladim.,This place is safe for children.,Adjectives · States,127
Dangerous,מְסֻכָּן / מְסֻכֶּנֶת,Mesukan / Mesukenet,pl. Mesukanim / Mesukanot מְסֻכָּנִים / מְסֻכָּנוֹת,"me-su-KAN — from sakana, danger. Note: mesukan can also mean ""in danger"" or, for a person, ""pitiable"".",מְסֻכָּן לִשְׂחוֹת פֹּה.,Mesukan lishchot po.,It's dangerous to swim here.,Adjectives · States,127
Strong,חָזָק / חֲזָקָה,Chazak / Chazaka,pl. Chazakim / Chazakot חֲזָקִים / חֲזָקוֹת,"cha-ZAK — ""Chazak ve-ematz"" = ""Be strong and courageous"". Same root as lehachzik, to hold on.",הָרוּחַ חֲזָקָה מְאוֹד הַיּוֹם.,Ha-ruach chazaka me'od ha-yom.,The wind is very strong today.,Adjectives · States,127
Weak,חַלָּשׁ / חַלָּשָׁה,Chalash / Chalasha,pl. Chalashim / Chalashot חַלָּשִׁים / חַלָּשׁוֹת,"cha-LASH — a weak, LASHED-out feeling. Slang: ""chalash"" alone means ""lame / weak sauce"".",הַקֶּשֶׁר פֹּה חַלָּשׁ.,Ha-kesher po chalash.,The signal here is weak.,Adjectives · States,127
Stupid / silly,טִפְּשִׁי / טִפְּשִׁית,Tipshi / Tipshit,pl. Tipshiyim / Tipshiyot טִפְּשִׁיִּים / טִפְּשִׁיּוֹת,"tip-SHEE — from tipesh, a fool. Tipshi describes a thing (a stupid idea); tipesh describes a person.",זֶה הָיָה רַעְיוֹן טִפְּשִׁי.,Ze haya ra'ayon tipshi.,That was a stupid idea.,Adjectives · States,127
To wear (clothes),לוֹבֵשׁ / לוֹבֶשֶׁת,Lovesh / Loveshet,inf. Lil-bosh לִלְבּוֹשׁ,LO-vesh — you put on a LOVELY VEST. Levush = attire; malbush = a garment.,אֲנִי לוֹבֶשֶׁת חֻלְצָה לְבָנָה לָעֲבוֹדָה.,Ani loveshet chultza levana la-avoda.,I wear a white shirt to work.,Verbs · Daily life,128
To wear (shoes) / to lock,נוֹעֵל / נוֹעֶלֶת,Noel / Noelet,inf. Lin-ol לִנְעֹל,"no-EL — na'al = shoe. Hebrew uses a different verb for footwear than for clothes. (Same root also means ""to lock"" — a shoe closes your foot.)",הוּא נוֹעֵל נַעֲלַיִם שְׁחוֹרוֹת.,Hu noel na'alayim shchorot.,He wears black shoes.,Verbs · Daily life,128
To live / to reside,גָּר / גָּרָה,Gar / Gara,inf. La-gur לָגוּר,"GAR — ""Where do you GARage yourself?"" This is where you live; it's not the verb for being alive.",אֵיפֹה אַתְּ גָּרָה?,Eifo at gara?,Where do you live?,Verbs · Daily life,128
To use,מִשְׁתַּמֵּשׁ / מִשְׁתַּמֶּשֶׁת,Mishtamesh / Mishtameshet,inf. Le-hishtamesh לְהִשְׁתַּמֵּשׁ,mish-ta-MESH — you use a tool until it's a MESH. Shimush = usage; always followed by be-.,אֲנִי מִשְׁתַּמֶּשֶׁת בַּמַּחְשֵׁב לָעֲבוֹדָה.,Ani mishtameshet ba-machshev la-avoda.,I use the computer for work.,Verbs · Daily life,128
To prefer,מַעֲדִיף / מַעֲדִיפָה,Maadif / Maadifa,inf. Le-haadif לְהַעֲדִיף,ma-a-DEEF — the preferred one has the ADvantage — a DIFference in your favor.,אֲנִי מַעֲדִיפָה תֵּה עַל קָפֶה.,Ani maadifa te al kafe.,I prefer tea over coffee.,Verbs · Daily life,128
To send,שׁוֹלֵחַ / שׁוֹלַחַת,Sholeach / Sholachat,inf. Lish-loach לִשְׁלוֹחַ,"sho-LE-ach — a shaliach is a messenger, one who is SENT. ""Show, LAUNCH it.""",אֲנִי שׁוֹלַחַת לָךְ הוֹדָעָה.,Ani sholachat lach hoda'a.,I'm sending you a message.,Verbs · Communication,129
To show,מַרְאֶה / מַרְאָה,Mar-e / Mar-a,inf. Le-harot לְהַרְאוֹת,"mar-EH — ro'eh = see, mar'eh = cause to see = show. Mar'a also means ""mirror"".",תַּרְאֶה לִי אֶת הַתְּמוּנוֹת מֵהַטִּיּוּל.,Tar'e li et ha-tmunot me-ha-tiyul.,Show me the pictures from the trip.,Verbs · Communication,129
To sign,חוֹתֵם / חוֹתֶמֶת,Chotem / Chotemet,inf. Lach-tom לַחְתּוֹם,cho-TEM — a chotemet is a rubber stamp. You sign or stamp to seal it.,"תַּחְתְּמִי פֹּה, בְּבַקָּשָׁה.","Tachtemi po, bevakasha.","Sign here, please.",Verbs · Communication,129
To try,מְנַסֶּה / מְנַסָּה,Menase / Menasa,inf. Le-nasot לְנַסּוֹת,"me-na-SEH — trying is a NUISANCE until it works. Nisayon = an attempt (and ""experience"").",אֲנִי מְנַסָּה לְהָבִין אֶת הַדִּקְדּוּק.,Ani menasa lehavin et ha-dikduk.,I'm trying to understand the grammar.,Verbs · Communication,129
To interpret / to explain the meaning,מְפָרֵשׁ / מְפָרֶשֶׁת,Mefaresh / Mefareshet,inf. Le-faresh לְפָרֵשׁ,"me-fa-RESH — Rashi, the great biblical commentator, is the parshan par excellence. Parasha = a portion/interpretation.",כָּל אֶחָד מְפָרֵשׁ אֶת זֶה אַחֶרֶת.,Kol echad mefaresh et ze acheret.,Everyone interprets it differently.,Verbs · Communication,129
To fall,נוֹפֵל / נוֹפֶלֶת,Nofel / Nofelet,inf. Li-pol לִפּוֹל,"no-FEL — ""NO! FELL!"" Nefila = a fall.",הֶעָלִים נוֹפְלִים בַּסְּתָיו.,Ha-alim noflim ba-stav.,The leaves fall in autumn.,Verbs · Things going wrong,130
To hurt / to harm,פּוֹגֵעַ / פּוֹגַעַת,Pogea / Pogaat,inf. Lif-goa לִפְגּוֹעַ,po-GEH-a — a POKE that hurts. Pgi'a = an injury or an offense — it covers hurting feelings too.,הַמִּלִּים שֶׁלּוֹ פּוֹגְעוֹת בִּי.,Ha-milim shelo pog'ot bi.,His words hurt me.,Verbs · Things going wrong,130
To run away / to escape,בּוֹרֵחַ / בּוֹרַחַת,Boreach / Borachat,inf. Liv-roach לִבְרוֹחַ,"bo-RE-ach — ""BOLT, ROACH!"" — a cockroach scurrying off when the light goes on.",הֶחָתוּל בּוֹרֵחַ מֵהַכֶּלֶב.,Ha-chatul boreach me-ha-kelev.,The cat runs away from the dog.,Verbs · Things going wrong,130
To bark,נוֹבֵחַ / נוֹבַחַת,Noveach / Novachat,inf. Lin-boach לִנְבּוֹחַ,"no-VEH-ach — it even sounds like a dog: ""no-VACH! no-VACH!""",הַכֶּלֶב נוֹבֵחַ עַל כָּל אָדָם.,Ha-kelev noveach al kol adam.,The dog barks at every person.,Verbs · Things going wrong,130
To stare,בּוֹהֶה / בּוֹהָה,Bo-he / Bo-ha,inf. Liv-hot לִבְהוֹת,"BO-heh — a blank, BORED ""boh…"" while you gaze into nothing.",הוּא בּוֹהֶה בַּקִּיר מִזְּמַן.,Hu bohe ba-kir mizman.,He's been staring at the wall for a while.,Verbs · Things going wrong,130
To leave (a place or person),עוֹזֵב / עוֹזֶבֶת,Ozev / Ozevet,inf. La-azov לַעֲזוֹב,"oh-ZEV — ""Azov oti!"" = ""Leave me alone!"" One of the most-heard phrases in Israel.",הִיא עוֹזֶבֶת אֶת הָעֲבוֹדָה בְּשֵׁשׁ.,Hi ozevet et ha-avoda be-shesh.,She leaves work at six.,Verbs · Motion,131
To pass / to cross / to move house,עוֹבֵר / עוֹבֶרֶת,Over / Overet,inf. La-avor לַעֲבוֹר,"oh-VER — you go OVER to the other side. Avar = the past (what has passed); Ivrit = Hebrew, the language of those who crossed over.",הַזְּמַן עוֹבֵר מַהֵר.,Ha-zman over maher.,Time passes quickly.,Verbs · Motion,131
"To watch (a film, a show)",צוֹפֶה / צוֹפָה,Tzofe / Tzofa,inf. Litz-pot לִצְפּוֹת,TSO-feh — a tzofe is a scout/lookout. Use this for screens; mistakel is for looking at things.,אֲנַחְנוּ צוֹפִים בְּסֶרֶט הָעֶרֶב.,Anachnu tzofim be-seret ha-erev.,We're watching a movie tonight.,Verbs · Motion,131
To sanctify / to bless (kiddush),מְקַדֵּשׁ / מְקַדֶּשֶׁת,Mekadesh / Mekadeshet,inf. Le-kadesh לְקַדֵּשׁ,me-ka-DESH — kadosh = holy; Kiddush is the Friday-night blessing over wine. Same root: k-d-sh.,אַבָּא מְקַדֵּשׁ עַל הַיַּיִן בְּעֶרֶב שַׁבָּת.,Aba mekadesh al ha-yayin be-erev shabbat.,Dad makes kiddush over the wine on Friday night.,Verbs · Motion,131
Clean,נָקִי / נְקִיָּה,Naki / Nekiya,pl. Neki'im / Nekiyot נְקִיִּים / נְקִיּוֹת,"na-KEE — from lenakot, to clean. Nikayon = cleaning.",הַחֶדֶר נָקִי עַכְשָׁיו.,Ha-cheder naki achshav.,The room is clean now.,Adjectives · Qualities,134
Dirty,מְלוּכְלָךְ / מְלוּכְלֶכֶת,Meluchlach / Meluchlechet,pl. Meluchlachim / Meluchlachot מְלוּכְלָכִים / מְלוּכְלָכוֹת,"me-luch-LACH — a satisfyingly grubby-sounding word. From lichluch, dirt.",הַנַּעֲלַיִם מְלוּכְלָכוֹת מֵהַטִּיּוּל.,Ha-na'alayim meluchlachot me-ha-tiyul.,The shoes are dirty from the hike.,Adjectives · Qualities,134
Colorful,צִבְעוֹנִי / צִבְעוֹנִית,Tzivoni / Tzivonit,pl. Tzivoniim / Tzivoniyot צִבְעוֹנִיִּים / צִבְעוֹנִיּוֹת,"tsiv-o-NEE — from tzeva (color). The -oni ending turns nouns into adjectives, like tzimchoni (vegetarian) from tzemach (plant).",הַשּׁוּק צִבְעוֹנִי וְרַעֲשָׁן.,Ha-shuk tzivoni ve-ra'ashan.,The market is colorful and noisy.,Adjectives · Qualities,134
Grey,אָפוֹר / אֲפוֹרָה,Afor / Afora,pl. Aforim / Aforot אֲפוֹרִים / אֲפוֹרוֹת,"a-FOR — from efer, ""ash"". Grey is ash-colored.",הַשָּׁמַיִם אֲפוֹרִים הַיּוֹם.,Ha-shamayim aforim ha-yom.,The sky is grey today.,Adjectives · Qualities,134
Carbonated / fizzy,מֻגָּז / מֻגֶּזֶת,Mugaz / Mugezet,pl. Mugazim / Mugazot מֻגָּזִים / מֻגָּזוֹת,"mu-GAZ — literally ""gassed"". Mayim mugazim = sparkling water. Ask for it this way in any café.","אֶפְשָׁר מַיִם מֻגָּזִים, בְּבַקָּשָׁה?","Efshar mayim mugazim, bevakasha?","Could I have sparkling water, please?",Adjectives · Qualities,134
Vegetarian,צִמְחוֹנִי / צִמְחוֹנִית,Tzimchoni / Tzimchonit,pl. Tzimchoniim / Tzimchoniyot צִמְחוֹנִיִּים / צִמְחוֹנִיּוֹת,"tsim-cho-NEE — from tzemach, ""a plant"". A plant-person.","אֲנִי צִמְחוֹנִית, יֵשׁ מָנָה בְּלִי בָּשָׂר?","Ani tzimchonit, yesh mana bli basar?","I'm vegetarian, is there a dish without meat?",Adjectives · Everyday,135
Vegan,טִבְעוֹנִי / טִבְעוֹנִית,Tiv'oni / Tiv'onit,pl. Tiv'oniim / Tiv'oniyot טִבְעוֹנִיִּים / טִבְעוֹנִיּוֹת,"tiv-o-NEE — from teva, ""nature"". Israel has one of the highest vegan rates in the world, so you'll hear it often.",הַמִּסְעָדָה הַזֹּאת טִבְעוֹנִית לְגַמְרֵי.,Ha-mis'ada ha-zo tiv'onit legamrei.,This restaurant is entirely vegan.,Adjectives · Everyday,135
Disappointed,מְאֻכְזָב / מְאֻכְזֶבֶת,Me'uchzav / Me'uchzevet,pl. Me'uchzavim / Me'uchzavot מְאֻכְזָבִים / מְאֻכְזָבוֹת,"me-uch-ZAV — from achzava, disappointment, built on kazav, ""a lie"": you were let down by a false hope.",אֲנִי מְאֻכְזֶבֶת מֵהַסֶּרֶט.,Ani me'uchzevet me-ha-seret.,I'm disappointed by the movie.,Adjectives · Everyday,135
So / such,כָּל כָּךְ,Kol kach,,"kol kach — literally ""all thus"". ""Kol kach yafe!"" = ""So beautiful!"" It goes before the adjective.",הָאֹכֶל הָיָה כָּל כָּךְ טָעִים!,Ha-ochel haya kol kach ta'im!,The food was so tasty!,Adjectives · Everyday,135
Already,כְּבָר,Kvar,,"KVAR — Israelis use kvar for impatience too: ""Bo kvar!"" = ""Come on already!""","כְּבָר אָכַלְתִּי, תּוֹדָה.","Kvar achalti, toda.","I already ate, thanks.",Adjectives · Everyday,135
All / every,כֹּל,Kol,,"KOL — with ""the"" it means all (kol ha-yom = all day); without it, every (kol yom = every day). One tiny word, two meanings.","אֲנִי לוֹמֶדֶת כָּל יוֹם, לֹא כָּל הַיּוֹם.","Ani lomedet kol yom, lo kol ha-yom.","I study every day, not all day.",Adjectives · Quantity,136
A lot / many,הַרְבֵּה,Harbeh,,har-BEH — a HERD of things. Doesn't change for gender or number — one form fits all.,יֵשׁ לִי הַרְבֵּה עֲבוֹדָה הַשָּׁבוּעַ.,Yesh li harbeh avoda ha-shavua.,I have a lot of work this week.,Adjectives · Quantity,136
A whole lot / a ton,הֲמוֹן,Hamon,,"ha-MON — originally ""a crowd, a multitude"". Stronger than harbeh: ""Toda hamon!"" = ""Thanks a million!""",הָיָה שָׁם הֲמוֹן אֲנָשִׁים.,Haya sham hamon anashim.,There were a ton of people there.,Adjectives · Quantity,136
Never mind / it doesn't matter,לֹא מְשַׁנֶּה,Lo meshane,,"Literally ""it doesn't change"" — from leshanot, to change. One of the most useful throwaway phrases in Hebrew.","לֹא מְשַׁנֶּה, נַעֲשֶׂה אֶת זֶה מָחָר.","Lo meshane, ne'ase et ze machar.","Never mind, we'll do it tomorrow.",Connectors · Everyday,137
At my place / with me,אֶצְלִי,Etzli,"pl. Etzlecha, etzla… אֶצְלְךָ, אֶצְלָהּ","ETS-li — from etzel, ""at/by"". It takes endings for every person: etzli, etzlecha, etzlo, etzla. ""Ba'im etzli?"" = ""Coming to my place?""",הָאֲרוּחָה אֶצְלִי הָעֶרֶב.,Ha-arucha etzli ha-erev.,Dinner is at my place tonight.,Connectors · Everyday,137
These / those,אֵלֶּה,Ele,,"EH-leh — the plural of ze/zo (this). Ha-sfarim ha-ele = ""these books"" (Hebrew repeats the ""ha-"").",הַפְּרָחִים הָאֵלֶּה בִּשְׁבִילֵךְ.,Ha-prachim ha-ele bishvilech.,These flowers are for you.,Connectors · Everyday,137
Two (before a noun),שְׁנֵי / שְׁתֵּי,Shnei / Shtei,,"Standing alone you say shnayim / shtayim; but right before a noun they shorten to shnei (m.) / shtei (f.). Shnei sfarim, shtei banot.",קָנִיתִי שְׁתֵּי כּוֹסוֹת וּשְׁנֵי צַלָּחוֹת.,Kaniti shtei kosot ve-shnei tzalachot.,I bought two glasses and two plates.,Connectors · Everyday,137
Was / it was,הָיָה / הָיְתָה,Haya / Hayta,pl. Hayu הָיוּ,"ha-YA — the past tense of ""to be"", the verb that vanishes in the present. Haya cham = ""it was hot"". You'll meet its full conjugation in Phase 2.",הַסֶּרֶט הָיָה מְעַנְיֵן מְאוֹד.,Ha-seret haya me'anyen me'od.,The movie was very interesting.,Connectors · Everyday,137
Able to / can (as an adjective),יָכוֹל / יְכוֹלָה,Yachol / Yechola,pl. Yecholim / Yecholot יְכוֹלִים / יְכוֹלוֹת,"Same word as the verb ""can"" — Hebrew uses it like an adjective, followed by an infinitive: Ani yachol lalechet. Note it changes for gender, like an adjective.",אֲנַחְנוּ יְכוֹלִים לַעֲזוֹר לָךְ.,Anachnu yecholim la'azor lach.,We can help you.,Connectors · Everyday,137
